state,mig_state,household_weight
ALABAMA,ALASKA,929.0
ALABAMA,ARIZONA,528.0
ALABAMA,ARKANSAS,1137.0
ALABAMA,CALIFORNIA,3127.0
ALABAMA,COLORADO,1934.0
ALABAMA,CONNECTICUT,327.0
ALABAMA,DISTRICT OF COLUMBIA,255.0
ALABAMA,FLORIDA,13802.0
ALABAMA,GEORGIA,13120.0
ALABAMA,HAWAII,501.0
ALABAMA,ILLINOIS,2244.0
ALABAMA,INDIANA,2247.0
ALABAMA,IOWA,769.0
ALABAMA,KANSAS,1324.0
ALABAMA,KENTUCKY,934.0
ALABAMA,LOUISIANA,4819.0
ALABAMA,MAINE,145.0
ALABAMA,MARYLAND,504.0
ALABAMA,MASSACHUSETTS,1184.0
ALABAMA,MICHIGAN,1631.0
ALABAMA,MINNESOTA,13.0
ALABAMA,MISSISSIPPI,3532.0
ALABAMA,MISSOURI,1086.0
ALABAMA,MONTANA,62.0
ALABAMA,NEBRASKA,586.0
ALABAMA,NEVADA,793.0
ALABAMA,NEW HAMPSHIRE,16.0
ALABAMA,NEW JERSEY,749.0
ALABAMA,NEW MEXICO,69.0
ALABAMA,NEW YORK,2283.0
ALABAMA,NORTH CAROLINA,3897.0
ALABAMA,NORTH DAKOTA,24.0
ALABAMA,OHIO,2134.0
ALABAMA,OKLAHOMA,508.0
ALABAMA,OREGON,263.0
ALABAMA,PENNSYLVANIA,2682.0
ALABAMA,RHODE ISLAND,350.0
ALABAMA,SOUTH CAROLINA,1532.0
ALABAMA,TENNESSEE,9678.0
ALABAMA,TEXAS,9312.0
ALABAMA,UTAH,2275.0
ALABAMA,VIRGINIA,3628.0
ALABAMA,WASHINGTON,1674.0
ALABAMA,WEST VIRGINIA,180.0
ALABAMA,WISCONSIN,1075.0
ALASKA,ALABAMA,197.0
ALASKA,ARIZONA,506.0
ALASKA,ARKANSAS,22.0
ALASKA,CALIFORNIA,769.0
ALASKA,COLORADO,264.0
ALASKA,CONNECTICUT,115.0
ALASKA,DELAWARE,343.0
ALASKA,DISTRICT OF COLUMBIA,50.0
ALASKA,FLORIDA,2148.0
ALASKA,GEORGIA,667.0
ALASKA,HAWAII,189.0
ALASKA,IDAHO,1971.0
ALASKA,ILLINOIS,900.0
ALASKA,IOWA,437.0
ALASKA,KANSAS,1614.0
ALASKA,KENTUCKY,1735.0
ALASKA,LOUISIANA,618.0
ALASKA,MAINE,95.0
ALASKA,MARYLAND,770.0
ALASKA,MASSACHUSETTS,464.0
ALASKA,MICHIGAN,632.0
ALASKA,MINNESOTA,741.0
ALASKA,MISSOURI,27.0
ALASKA,MONTANA,96.0
ALASKA,NEBRASKA,2.0
ALASKA,NEVADA,1082.0
ALASKA,NEW MEXICO,975.0
ALASKA,NORTH CAROLINA,2683.0
ALASKA,NORTH DAKOTA,1289.0
ALASKA,OHIO,5.0
ALASKA,OKLAHOMA,301.0
ALASKA,OREGON,385.0
ALASKA,PENNSYLVANIA,467.0
ALASKA,SOUTH CAROLINA,396.0
ALASKA,SOUTH DAKOTA,449.0
ALASKA,TENNESSEE,5.0
ALASKA,TEXAS,5378.0
ALASKA,UTAH,518.0
ALASKA,VERMONT,40.0
ALASKA,VIRGINIA,2414.0
ALASKA,WASHINGTON,1068.0
ALASKA,WYOMING,88.0
ARIZONA,ALABAMA,1286.0
ARIZONA,ALASKA,1592.0
ARIZONA,ARKANSAS,617.0
ARIZONA,CALIFORNIA,57857.0
ARIZONA,COLORADO,14412.0
ARIZONA,CONNECTICUT,1081.0
ARIZONA,DELAWARE,818.0
ARIZONA,DISTRICT OF COLUMBIA,125.0
ARIZONA,FLORIDA,7381.0
ARIZONA,GEORGIA,2492.0
ARIZONA,HAWAII,4447.0
ARIZONA,IDAHO,1494.0
ARIZONA,ILLINOIS,10285.0
ARIZONA,INDIANA,3319.0
ARIZONA,IOWA,1711.0
ARIZONA,KANSAS,3997.0
ARIZONA,KENTUCKY,389.0
ARIZONA,LOUISIANA,1888.0
ARIZONA,MAINE,142.0
ARIZONA,MARYLAND,2301.0
ARIZONA,MASSACHUSETTS,2754.0
ARIZONA,MICHIGAN,6103.0
ARIZONA,MINNESOTA,6244.0
ARIZONA,MISSISSIPPI,462.0
ARIZONA,MISSOURI,1743.0
ARIZONA,MONTANA,2013.0
ARIZONA,NEBRASKA,1464.0
ARIZONA,NEVADA,7164.0
ARIZONA,NEW HAMPSHIRE,333.0
ARIZONA,NEW JERSEY,3992.0
ARIZONA,NEW MEXICO,7239.0
ARIZONA,NEW YORK,5777.0
ARIZONA,NORTH CAROLINA,4614.0
ARIZONA,NORTH DAKOTA,902.0
ARIZONA,OHIO,5113.0
ARIZONA,OKLAHOMA,2061.0
ARIZONA,OREGON,6871.0
ARIZONA,PENNSYLVANIA,3927.0
ARIZONA,RHODE ISLAND,330.0
ARIZONA,SOUTH CAROLINA,376.0
ARIZONA,SOUTH DAKOTA,896.0
ARIZONA,TENNESSEE,1918.0
ARIZONA,TEXAS,15186.0
ARIZONA,UTAH,7762.0
ARIZONA,VERMONT,856.0
ARIZONA,VIRGINIA,4010.0
ARIZONA,WASHINGTON,15634.0
ARIZONA,WEST VIRGINIA,356.0
ARIZONA,WISCONSIN,3340.0
ARIZONA,WYOMING,1210.0
ARKANSAS,ALABAMA,369.0
ARKANSAS,ALASKA,129.0
ARKANSAS,ARIZONA,296.0
ARKANSAS,CALIFORNIA,4280.0
ARKANSAS,COLORADO,2243.0
ARKANSAS,DISTRICT OF COLUMBIA,464.0
ARKANSAS,FLORIDA,1871.0
ARKANSAS,GEORGIA,1678.0
ARKANSAS,HAWAII,150.0
ARKANSAS,IDAHO,249.0
ARKANSAS,ILLINOIS,1274.0
ARKANSAS,INDIANA,125.0
ARKANSAS,IOWA,1120.0
ARKANSAS,KANSAS,895.0
ARKANSAS,KENTUCKY,307.0
ARKANSAS,LOUISIANA,5785.0
ARKANSAS,MARYLAND,402.0
ARKANSAS,MASSACHUSETTS,133.0
ARKANSAS,MICHIGAN,1071.0
ARKANSAS,MINNESOTA,1434.0
ARKANSAS,MISSISSIPPI,1381.0
ARKANSAS,MISSOURI,3539.0
ARKANSAS,MONTANA,58.0
ARKANSAS,NEBRASKA,436.0
ARKANSAS,NEVADA,1079.0
ARKANSAS,NEW JERSEY,578.0
ARKANSAS,NEW YORK,580.0
ARKANSAS,NORTH CAROLINA,425.0
ARKANSAS,OHIO,348.0
ARKANSAS,OKLAHOMA,4961.0
ARKANSAS,OREGON,189.0
ARKANSAS,PENNSYLVANIA,934.0
ARKANSAS,SOUTH CAROLINA,202.0
ARKANSAS,TENNESSEE,3297.0
ARKANSAS,TEXAS,12486.0
ARKANSAS,UTAH,601.0
ARKANSAS,VIRGINIA,578.0
ARKANSAS,WASHINGTON,444.0
ARKANSAS,WISCONSIN,174.0
ARKANSAS,WYOMING,1241.0
CALIFORNIA,ALABAMA,2586.0
CALIFORNIA,ALASKA,3022.0
CALIFORNIA,ARIZONA,22417.0
CALIFORNIA,ARKANSAS,2965.0
CALIFORNIA,COLORADO,15222.0
CALIFORNIA,CONNECTICUT,4082.0
CALIFORNIA,DELAWARE,1688.0
CALIFORNIA,DISTRICT OF COLUMBIA,2769.0
CALIFORNIA,FLORIDA,21621.0
CALIFORNIA,GEORGIA,13909.0
CALIFORNIA,HAWAII,13196.0
CALIFORNIA,IDAHO,3869.0
CALIFORNIA,ILLINOIS,24385.0
CALIFORNIA,INDIANA,4172.0
CALIFORNIA,IOWA,1757.0
CALIFORNIA,KANSAS,3343.0
CALIFORNIA,KENTUCKY,2431.0
CALIFORNIA,LOUISIANA,3739.0
CALIFORNIA,MAINE,1847.0
CALIFORNIA,MARYLAND,11071.0
CALIFORNIA,MASSACHUSETTS,14504.0
CALIFORNIA,MICHIGAN,5954.0
CALIFORNIA,MINNESOTA,7644.0
CALIFORNIA,MISSISSIPPI,1426.0
CALIFORNIA,MISSOURI,6259.0
CALIFORNIA,MONTANA,1536.0
CALIFORNIA,NEBRASKA,2628.0
CALIFORNIA,NEVADA,24322.0
CALIFORNIA,NEW HAMPSHIRE,362.0
CALIFORNIA,NEW JERSEY,10325.0
CALIFORNIA,NEW MEXICO,2934.0
CALIFORNIA,NEW YORK,35770.0
CALIFORNIA,NORTH CAROLINA,13640.0
CALIFORNIA,NORTH DAKOTA,577.0
CALIFORNIA,OHIO,8882.0
CALIFORNIA,OKLAHOMA,3855.0
CALIFORNIA,OREGON,16568.0
CALIFORNIA,PENNSYLVANIA,13057.0
CALIFORNIA,RHODE ISLAND,2992.0
CALIFORNIA,SOUTH CAROLINA,6126.0
CALIFORNIA,SOUTH DAKOTA,1376.0
CALIFORNIA,TENNESSEE,3862.0
CALIFORNIA,TEXAS,37207.0
CALIFORNIA,UTAH,7502.0
CALIFORNIA,VERMONT,700.0
CALIFORNIA,VIRGINIA,23578.0
CALIFORNIA,WASHINGTON,31173.0
CALIFORNIA,WEST VIRGINIA,460.0
CALIFORNIA,WISCONSIN,4663.0
CALIFORNIA,WYOMING,843.0
COLORADO,ALABAMA,2865.0
COLORADO,ALASKA,1007.0
COLORADO,ARIZONA,10862.0
COLORADO,ARKANSAS,858.0
COLORADO,CALIFORNIA,29908.0
COLORADO,CONNECTICUT,881.0
COLORADO,FLORIDA,16247.0
COLORADO,GEORGIA,6572.0
COLORADO,HAWAII,1511.0
COLORADO,IDAHO,674.0
COLORADO,ILLINOIS,9885.0
COLORADO,INDIANA,3496.0
COLORADO,IOWA,1971.0
COLORADO,KANSAS,6558.0
COLORADO,KENTUCKY,1825.0
COLORADO,LOUISIANA,4013.0
COLORADO,MAINE,757.0
COLORADO,MARYLAND,3572.0
COLORADO,MASSACHUSETTS,4004.0
COLORADO,MICHIGAN,3619.0
COLORADO,MINNESOTA,5269.0
COLORADO,MISSISSIPPI,630.0
COLORADO,MISSOURI,5185.0
COLORADO,MONTANA,2268.0
COLORADO,NEBRASKA,3929.0
COLORADO,NEVADA,3955.0
COLORADO,NEW HAMPSHIRE,199.0
COLORADO,NEW JERSEY,3954.0
COLORADO,NEW MEXICO,4213.0
COLORADO,NEW YORK,7394.0
COLORADO,NORTH CAROLINA,5210.0
COLORADO,NORTH DAKOTA,2432.0
COLORADO,OHIO,5474.0
COLORADO,OKLAHOMA,3723.0
COLORADO,OREGON,3425.0
COLORADO,PENNSYLVANIA,3398.0
COLORADO,RHODE ISLAND,1007.0
COLORADO,SOUTH CAROLINA,620.0
COLORADO,SOUTH DAKOTA,2443.0
COLORADO,TENNESSEE,7512.0
COLORADO,TEXAS,31277.0
COLORADO,UTAH,1998.0
COLORADO,VERMONT,166.0
COLORADO,VIRGINIA,6862.0
COLORADO,WASHINGTON,7704.0
COLORADO,WEST VIRGINIA,294.0
COLORADO,WISCONSIN,2436.0
COLORADO,WYOMING,2874.0
CONNECTICUT,ALABAMA,348.0
CONNECTICUT,ALASKA,57.0
CONNECTICUT,ARIZONA,332.0
CONNECTICUT,CALIFORNIA,4453.0
CONNECTICUT,COLORADO,799.0
CONNECTICUT,DELAWARE,69.0
CONNECTICUT,DISTRICT OF COLUMBIA,298.0
CONNECTICUT,FLORIDA,5098.0
CONNECTICUT,GEORGIA,1066.0
CONNECTICUT,HAWAII,1119.0
CONNECTICUT,ILLINOIS,1623.0
CONNECTICUT,INDIANA,298.0
CONNECTICUT,IOWA,90.0
CONNECTICUT,KANSAS,127.0
CONNECTICUT,KENTUCKY,180.0
CONNECTICUT,LOUISIANA,806.0
CONNECTICUT,MAINE,512.0
CONNECTICUT,MARYLAND,1824.0
CONNECTICUT,MASSACHUSETTS,10972.0
CONNECTICUT,MICHIGAN,964.0
CONNECTICUT,MINNESOTA,727.0
CONNECTICUT,MISSOURI,145.0
CONNECTICUT,NEBRASKA,343.0
CONNECTICUT,NEW HAMPSHIRE,1053.0
CONNECTICUT,NEW JERSEY,4255.0
CONNECTICUT,NEW YORK,28473.0
CONNECTICUT,NORTH CAROLINA,2226.0
CONNECTICUT,OHIO,1514.0
CONNECTICUT,OKLAHOMA,240.0
CONNECTICUT,OREGON,137.0
CONNECTICUT,PENNSYLVANIA,5074.0
CONNECTICUT,RHODE ISLAND,3913.0
CONNECTICUT,SOUTH CAROLINA,1020.0
CONNECTICUT,SOUTH DAKOTA,262.0
CONNECTICUT,TENNESSEE,1173.0
CONNECTICUT,TEXAS,2036.0
CONNECTICUT,UTAH,166.0
CONNECTICUT,VERMONT,103.0
CONNECTICUT,VIRGINIA,1551.0
CONNECTICUT,WASHINGTON,159.0
CONNECTICUT,WEST VIRGINIA,20.0
CONNECTICUT,WISCONSIN,154.0
DELAWARE,CALIFORNIA,22.0
DELAWARE,COLORADO,259.0
DELAWARE,CONNECTICUT,353.0
DELAWARE,DISTRICT OF COLUMBIA,408.0
DELAWARE,FLORIDA,1038.0
DELAWARE,GEORGIA,512.0
DELAWARE,ILLINOIS,116.0
DELAWARE,MARYLAND,6618.0
DELAWARE,MASSACHUSETTS,316.0
DELAWARE,MISSISSIPPI,95.0
DELAWARE,MISSOURI,67.0
DELAWARE,NEBRASKA,434.0
DELAWARE,NEVADA,203.0
DELAWARE,NEW HAMPSHIRE,150.0
DELAWARE,NEW JERSEY,4633.0
DELAWARE,NEW MEXICO,216.0
DELAWARE,NEW YORK,3002.0
DELAWARE,NORTH CAROLINA,536.0
DELAWARE,OKLAHOMA,960.0
DELAWARE,PENNSYLVANIA,9439.0
DELAWARE,SOUTH CAROLINA,12.0
DELAWARE,TENNESSEE,375.0
DELAWARE,TEXAS,597.0
DELAWARE,UTAH,119.0
DELAWARE,VIRGINIA,1126.0
DELAWARE,WASHINGTON,68.0
DELAWARE,WEST VIRGINIA,164.0
DISTRICT OF COLUMBIA,ALABAMA,493.0
DISTRICT OF COLUMBIA,ARIZONA,314.0
DISTRICT OF COLUMBIA,CALIFORNIA,3401.0
DISTRICT OF COLUMBIA,COLORADO,820.0
DISTRICT OF COLUMBIA,CONNECTICUT,953.0
DISTRICT OF COLUMBIA,FLORIDA,1348.0
DISTRICT OF COLUMBIA,GEORGIA,1132.0
DISTRICT OF COLUMBIA,IDAHO,31.0
DISTRICT OF COLUMBIA,ILLINOIS,1013.0
DISTRICT OF COLUMBIA,INDIANA,625.0
DISTRICT OF COLUMBIA,IOWA,69.0
DISTRICT OF COLUMBIA,KANSAS,59.0
DISTRICT OF COLUMBIA,KENTUCKY,200.0
DISTRICT OF COLUMBIA,LOUISIANA,281.0
DISTRICT OF COLUMBIA,MAINE,444.0
DISTRICT OF COLUMBIA,MARYLAND,13859.0
DISTRICT OF COLUMBIA,MASSACHUSETTS,2231.0
DISTRICT OF COLUMBIA,MICHIGAN,903.0
DISTRICT OF COLUMBIA,MINNESOTA,296.0
DISTRICT OF COLUMBIA,MISSISSIPPI,280.0
DISTRICT OF COLUMBIA,MISSOURI,910.0
DISTRICT OF COLUMBIA,NEBRASKA,138.0
DISTRICT OF COLUMBIA,NEW HAMPSHIRE,62.0
DISTRICT OF COLUMBIA,NEW JERSEY,2309.0
DISTRICT OF COLUMBIA,NEW MEXICO,595.0
DISTRICT OF COLUMBIA,NEW YORK,3432.0
DISTRICT OF COLUMBIA,NORTH CAROLINA,1610.0
DISTRICT OF COLUMBIA,OHIO,539.0
DISTRICT OF COLUMBIA,OKLAHOMA,75.0
DISTRICT OF COLUMBIA,OREGON,163.0
DISTRICT OF COLUMBIA,PENNSYLVANIA,1758.0
DISTRICT OF COLUMBIA,RHODE ISLAND,141.0
DISTRICT OF COLUMBIA,SOUTH CAROLINA,594.0
DISTRICT OF COLUMBIA,SOUTH DAKOTA,228.0
DISTRICT OF COLUMBIA,TENNESSEE,686.0
DISTRICT OF COLUMBIA,TEXAS,1966.0
DISTRICT OF COLUMBIA,VIRGINIA,8457.0
DISTRICT OF COLUMBIA,WASHINGTON,601.0
DISTRICT OF COLUMBIA,WEST VIRGINIA,239.0
DISTRICT OF COLUMBIA,WISCONSIN,327.0
FLORIDA,ALABAMA,13871.0
FLORIDA,ALASKA,2376.0
FLORIDA,ARIZONA,5605.0
FLORIDA,ARKANSAS,2631.0
FLORIDA,CALIFORNIA,24702.0
FLORIDA,COLORADO,11897.0
FLORIDA,CONNECTICUT,12236.0
FLORIDA,DELAWARE,2618.0
FLORIDA,DISTRICT OF COLUMBIA,2672.0
FLORIDA,GEORGIA,45931.0
FLORIDA,HAWAII,2768.0
FLORIDA,IDAHO,502.0
FLORIDA,ILLINOIS,22272.0
FLORIDA,INDIANA,16249.0
FLORIDA,IOWA,3595.0
FLORIDA,KANSAS,1766.0
FLORIDA,KENTUCKY,9858.0
FLORIDA,LOUISIANA,8259.0
FLORIDA,MAINE,4115.0
FLORIDA,MARYLAND,11716.0
FLORIDA,MASSACHUSETTS,15929.0
FLORIDA,MICHIGAN,19975.0
FLORIDA,MINNESOTA,5752.0
FLORIDA,MISSISSIPPI,4432.0
FLORIDA,MISSOURI,10798.0
FLORIDA,MONTANA,507.0
FLORIDA,NEBRASKA,2220.0
FLORIDA,NEVADA,2417.0
FLORIDA,NEW HAMPSHIRE,3764.0
FLORIDA,NEW JERSEY,25049.0
FLORIDA,NEW MEXICO,2475.0
FLORIDA,NEW YORK,48348.0
FLORIDA,NORTH CAROLINA,25608.0
FLORIDA,NORTH DAKOTA,1011.0
FLORIDA,OHIO,26953.0
FLORIDA,OKLAHOMA,5972.0
FLORIDA,OREGON,3805.0
FLORIDA,PENNSYLVANIA,29807.0
FLORIDA,RHODE ISLAND,2713.0
FLORIDA,SOUTH CAROLINA,10071.0
FLORIDA,SOUTH DAKOTA,1360.0
FLORIDA,TENNESSEE,12922.0
FLORIDA,TEXAS,24089.0
FLORIDA,UTAH,2868.0
FLORIDA,VERMONT,3091.0
FLORIDA,VIRGINIA,24078.0
FLORIDA,WASHINGTON,5782.0
FLORIDA,WEST VIRGINIA,1358.0
FLORIDA,WISCONSIN,6146.0
FLORIDA,WYOMING,535.0
GEORGIA,ALABAMA,12873.0
GEORGIA,ALASKA,1091.0
GEORGIA,ARIZONA,1724.0
GEORGIA,ARKANSAS,3055.0
GEORGIA,CALIFORNIA,14983.0
GEORGIA,COLORADO,2402.0
GEORGIA,CONNECTICUT,3777.0
GEORGIA,DELAWARE,1075.0
GEORGIA,DISTRICT OF COLUMBIA,1012.0
GEORGIA,FLORIDA,40245.0
GEORGIA,HAWAII,2797.0
GEORGIA,IDAHO,138.0
GEORGIA,ILLINOIS,13099.0
GEORGIA,INDIANA,2832.0
GEORGIA,IOWA,1413.0
GEORGIA,KANSAS,3970.0
GEORGIA,KENTUCKY,2835.0
GEORGIA,LOUISIANA,3063.0
GEORGIA,MAINE,241.0
GEORGIA,MARYLAND,1787.0
GEORGIA,MASSACHUSETTS,3179.0
GEORGIA,MICHIGAN,3767.0
GEORGIA,MINNESOTA,756.0
GEORGIA,MISSISSIPPI,6089.0
GEORGIA,MISSOURI,2546.0
GEORGIA,MONTANA,392.0
GEORGIA,NEBRASKA,3008.0
GEORGIA,NEVADA,2004.0
GEORGIA,NEW HAMPSHIRE,739.0
GEORGIA,NEW JERSEY,7246.0
GEORGIA,NEW MEXICO,56.0
GEORGIA,NEW YORK,12811.0
GEORGIA,NORTH CAROLINA,13997.0
GEORGIA,OHIO,4868.0
GEORGIA,OKLAHOMA,1313.0
GEORGIA,OREGON,780.0
GEORGIA,PENNSYLVANIA,7459.0
GEORGIA,RHODE ISLAND,602.0
GEORGIA,SOUTH CAROLINA,15423.0
GEORGIA,SOUTH DAKOTA,603.0
GEORGIA,TENNESSEE,13624.0
GEORGIA,TEXAS,20981.0
GEORGIA,UTAH,966.0
GEORGIA,VERMONT,144.0
GEORGIA,VIRGINIA,11829.0
GEORGIA,WASHINGTON,2846.0
GEORGIA,WEST VIRGINIA,293.0
GEORGIA,WISCONSIN,4450.0
GEORGIA,WYOMING,1066.0
HAWAII,ALABAMA,85.0
HAWAII,ALASKA,1180.0
HAWAII,ARIZONA,861.0
HAWAII,CALIFORNIA,9824.0
HAWAII,COLORADO,2378.0
HAWAII,CONNECTICUT,36.0
HAWAII,DISTRICT OF COLUMBIA,286.0
HAWAII,FLORIDA,1548.0
HAWAII,GEORGIA,2887.0
HAWAII,IDAHO,1552.0
HAWAII,ILLINOIS,487.0
HAWAII,INDIANA,348.0
HAWAII,KANSAS,783.0
HAWAII,KENTUCKY,761.0
HAWAII,LOUISIANA,82.0
HAWAII,MARYLAND,154.0
HAWAII,MASSACHUSETTS,642.0
HAWAII,MICHIGAN,130.0
HAWAII,MINNESOTA,146.0
HAWAII,MISSOURI,776.0
HAWAII,MONTANA,782.0
HAWAII,NEBRASKA,299.0
HAWAII,NEVADA,2155.0
HAWAII,NEW HAMPSHIRE,68.0
HAWAII,NEW JERSEY,1004.0
HAWAII,NEW MEXICO,396.0
HAWAII,NEW YORK,1171.0
HAWAII,NORTH CAROLINA,2744.0
HAWAII,NORTH DAKOTA,548.0
HAWAII,OHIO,698.0
HAWAII,OKLAHOMA,49.0
HAWAII,OREGON,1471.0
HAWAII,TENNESSEE,235.0
HAWAII,TEXAS,2064.0
HAWAII,UTAH,630.0
HAWAII,VERMONT,83.0
HAWAII,VIRGINIA,3730.0
HAWAII,WASHINGTON,3598.0
HAWAII,WEST VIRGINIA,199.0
IDAHO,ALABAMA,50.0
IDAHO,ALASKA,464.0
IDAHO,ARIZONA,4669.0
IDAHO,ARKANSAS,429.0
IDAHO,CALIFORNIA,16995.0
IDAHO,COLORADO,4853.0
IDAHO,CONNECTICUT,112.0
IDAHO,FLORIDA,670.0
IDAHO,GEORGIA,417.0
IDAHO,HAWAII,734.0
IDAHO,ILLINOIS,340.0
IDAHO,INDIANA,158.0
IDAHO,KANSAS,434.0
IDAHO,KENTUCKY,240.0
IDAHO,LOUISIANA,186.0
IDAHO,MARYLAND,333.0
IDAHO,MASSACHUSETTS,41.0
IDAHO,MICHIGAN,220.0
IDAHO,MINNESOTA,531.0
IDAHO,MISSISSIPPI,447.0
IDAHO,MISSOURI,698.0
IDAHO,MONTANA,2981.0
IDAHO,NEBRASKA,394.0
IDAHO,NEVADA,2108.0
IDAHO,NEW MEXICO,184.0
IDAHO,NEW YORK,159.0
IDAHO,NORTH CAROLINA,350.0
IDAHO,NORTH DAKOTA,292.0
IDAHO,OHIO,284.0
IDAHO,OKLAHOMA,117.0
IDAHO,OREGON,7459.0
IDAHO,PENNSYLVANIA,534.0
IDAHO,SOUTH CAROLINA,193.0
IDAHO,TENNESSEE,527.0
IDAHO,TEXAS,3971.0
IDAHO,UTAH,7022.0
IDAHO,VIRGINIA,2183.0
IDAHO,WASHINGTON,12501.0
IDAHO,WISCONSIN,910.0
IDAHO,WYOMING,753.0
ILLINOIS,ALABAMA,1425.0
ILLINOIS,ALASKA,207.0
ILLINOIS,ARIZONA,4117.0
ILLINOIS,ARKANSAS,1134.0
ILLINOIS,CALIFORNIA,15155.0
ILLINOIS,COLORADO,3964.0
ILLINOIS,CONNECTICUT,3071.0
ILLINOIS,DISTRICT OF COLUMBIA,734.0
ILLINOIS,FLORIDA,16199.0
ILLINOIS,GEORGIA,3181.0
ILLINOIS,HAWAII,1827.0
ILLINOIS,IDAHO,73.0
ILLINOIS,INDIANA,15064.0
ILLINOIS,IOWA,8963.0
ILLINOIS,KANSAS,2578.0
ILLINOIS,KENTUCKY,2979.0
ILLINOIS,LOUISIANA,977.0
ILLINOIS,MAINE,871.0
ILLINOIS,MARYLAND,1499.0
ILLINOIS,MASSACHUSETTS,3854.0
ILLINOIS,MICHIGAN,11060.0
ILLINOIS,MINNESOTA,3518.0
ILLINOIS,MISSISSIPPI,640.0
ILLINOIS,MISSOURI,12882.0
ILLINOIS,MONTANA,48.0
ILLINOIS,NEBRASKA,1632.0
ILLINOIS,NEVADA,523.0
ILLINOIS,NEW HAMPSHIRE,808.0
ILLINOIS,NEW JERSEY,2804.0
ILLINOIS,NEW MEXICO,774.0
ILLINOIS,NEW YORK,8438.0
ILLINOIS,NORTH CAROLINA,4618.0
ILLINOIS,NORTH DAKOTA,396.0
ILLINOIS,OHIO,7804.0
ILLINOIS,OKLAHOMA,2618.0
ILLINOIS,OREGON,1258.0
ILLINOIS,PENNSYLVANIA,4572.0
ILLINOIS,RHODE ISLAND,80.0
ILLINOIS,SOUTH CAROLINA,894.0
ILLINOIS,SOUTH DAKOTA,185.0
ILLINOIS,TENNESSEE,2243.0
ILLINOIS,TEXAS,8831.0
ILLINOIS,UTAH,431.0
ILLINOIS,VERMONT,165.0
ILLINOIS,VIRGINIA,6860.0
ILLINOIS,WASHINGTON,4149.0
ILLINOIS,WEST VIRGINIA,494.0
ILLINOIS,WISCONSIN,13863.0
ILLINOIS,WYOMING,71.0
INDIANA,ALABAMA,964.0
INDIANA,ALASKA,227.0
INDIANA,ARIZONA,3460.0
INDIANA,ARKANSAS,664.0
INDIANA,CALIFORNIA,7679.0
INDIANA,COLORADO,1944.0
INDIANA,CONNECTICUT,1082.0
INDIANA,DISTRICT OF COLUMBIA,252.0
INDIANA,FLORIDA,13062.0
INDIANA,GEORGIA,1773.0
INDIANA,HAWAII,74.0
INDIANA,ILLINOIS,34267.0
INDIANA,IOWA,1418.0
INDIANA,KANSAS,2052.0
INDIANA,KENTUCKY,11477.0
INDIANA,LOUISIANA,665.0
INDIANA,MAINE,102.0
INDIANA,MARYLAND,625.0
INDIANA,MASSACHUSETTS,467.0
INDIANA,MICHIGAN,7768.0
INDIANA,MINNESOTA,1779.0
INDIANA,MISSISSIPPI,830.0
INDIANA,MISSOURI,2385.0
INDIANA,MONTANA,282.0
INDIANA,NEBRASKA,283.0
INDIANA,NEVADA,351.0
INDIANA,NEW JERSEY,1924.0
INDIANA,NEW MEXICO,83.0
INDIANA,NEW YORK,3489.0
INDIANA,NORTH CAROLINA,5739.0
INDIANA,OHIO,12696.0
INDIANA,OKLAHOMA,1077.0
INDIANA,OREGON,1201.0
INDIANA,PENNSYLVANIA,5772.0
INDIANA,RHODE ISLAND,51.0
INDIANA,SOUTH CAROLINA,1220.0
INDIANA,SOUTH DAKOTA,535.0
INDIANA,TENNESSEE,3071.0
INDIANA,TEXAS,6523.0
INDIANA,UTAH,648.0
INDIANA,VIRGINIA,2035.0
INDIANA,WASHINGTON,1406.0
INDIANA,WISCONSIN,2180.0
INDIANA,WYOMING,145.0
IOWA,ALASKA,864.0
IOWA,ARIZONA,1611.0
IOWA,ARKANSAS,190.0
IOWA,CALIFORNIA,6241.0
IOWA,COLORADO,3799.0
IOWA,DISTRICT OF COLUMBIA,23.0
IOWA,FLORIDA,3609.0
IOWA,GEORGIA,482.0
IOWA,HAWAII,95.0
IOWA,IDAHO,1588.0
IOWA,ILLINOIS,10848.0
IOWA,INDIANA,1306.0
IOWA,KANSAS,1810.0
IOWA,LOUISIANA,448.0
IOWA,MARYLAND,631.0
IOWA,MASSACHUSETTS,532.0
IOWA,MICHIGAN,470.0
IOWA,MINNESOTA,3425.0
IOWA,MISSISSIPPI,743.0
IOWA,MISSOURI,4759.0
IOWA,MONTANA,824.0
IOWA,NEBRASKA,8311.0
IOWA,NEVADA,165.0
IOWA,NEW JERSEY,188.0
IOWA,NEW MEXICO,508.0
IOWA,NEW YORK,556.0
IOWA,NORTH CAROLINA,172.0
IOWA,NORTH DAKOTA,25.0
IOWA,OHIO,957.0
IOWA,OKLAHOMA,145.0
IOWA,OREGON,872.0
IOWA,PENNSYLVANIA,278.0
IOWA,RHODE ISLAND,31.0
IOWA,SOUTH CAROLINA,139.0
IOWA,SOUTH DAKOTA,2112.0
IOWA,TENNESSEE,358.0
IOWA,TEXAS,3595.0
IOWA,VIRGINIA,366.0
IOWA,WASHINGTON,664.0
IOWA,WEST VIRGINIA,1172.0
IOWA,WISCONSIN,2453.0
IOWA,WYOMING,811.0
KANSAS,ALABAMA,1589.0
KANSAS,ALASKA,11.0
KANSAS,ARIZONA,3679.0
KANSAS,ARKANSAS,2100.0
KANSAS,CALIFORNIA,4725.0
KANSAS,COLORADO,5501.0
KANSAS,DISTRICT OF COLUMBIA,202.0
KANSAS,FLORIDA,4364.0
KANSAS,GEORGIA,4166.0
KANSAS,HAWAII,160.0
KANSAS,IDAHO,137.0
KANSAS,ILLINOIS,3278.0
KANSAS,INDIANA,2674.0
KANSAS,IOWA,951.0
KANSAS,KENTUCKY,537.0
KANSAS,LOUISIANA,363.0
KANSAS,MARYLAND,345.0
KANSAS,MICHIGAN,325.0
KANSAS,MINNESOTA,1998.0
KANSAS,MISSISSIPPI,774.0
KANSAS,MISSOURI,24355.0
KANSAS,MONTANA,1223.0
KANSAS,NEBRASKA,2055.0
KANSAS,NEVADA,226.0
KANSAS,NEW HAMPSHIRE,137.0
KANSAS,NEW JERSEY,459.0
KANSAS,NEW MEXICO,918.0
KANSAS,NEW YORK,952.0
KANSAS,NORTH CAROLINA,1792.0
KANSAS,OHIO,552.0
KANSAS,OKLAHOMA,5209.0
KANSAS,OREGON,685.0
KANSAS,PENNSYLVANIA,1884.0
KANSAS,SOUTH CAROLINA,265.0
KANSAS,TENNESSEE,895.0
KANSAS,TEXAS,9827.0
KANSAS,UTAH,1010.0
KANSAS,VIRGINIA,2211.0
KANSAS,WASHINGTON,1805.0
KANSAS,WISCONSIN,468.0
KANSAS,WYOMING,582.0
KENTUCKY,ALABAMA,4620.0
KENTUCKY,ALASKA,1071.0
KENTUCKY,ARIZONA,1029.0
KENTUCKY,ARKANSAS,676.0
KENTUCKY,CALIFORNIA,3337.0
KENTUCKY,COLORADO,942.0
KENTUCKY,CONNECTICUT,261.0
KENTUCKY,DISTRICT OF COLUMBIA,88.0
KENTUCKY,FLORIDA,6502.0
KENTUCKY,GEORGIA,3277.0
KENTUCKY,HAWAII,136.0
KENTUCKY,ILLINOIS,3908.0
KENTUCKY,INDIANA,9872.0
KENTUCKY,IOWA,2294.0
KENTUCKY,KANSAS,402.0
KENTUCKY,LOUISIANA,772.0
KENTUCKY,MAINE,2775.0
KENTUCKY,MARYLAND,1360.0
KENTUCKY,MASSACHUSETTS,227.0
KENTUCKY,MICHIGAN,3296.0
KENTUCKY,MISSISSIPPI,187.0
KENTUCKY,MISSOURI,2020.0
KENTUCKY,MONTANA,15.0
KENTUCKY,NEBRASKA,316.0
KENTUCKY,NEVADA,730.0
KENTUCKY,NEW JERSEY,741.0
KENTUCKY,NEW MEXICO,31.0
KENTUCKY,NEW YORK,2516.0
KENTUCKY,NORTH CAROLINA,3688.0
KENTUCKY,NORTH DAKOTA,147.0
KENTUCKY,OHIO,13173.0
KENTUCKY,OKLAHOMA,429.0
KENTUCKY,OREGON,246.0
KENTUCKY,PENNSYLVANIA,3308.0
KENTUCKY,SOUTH CAROLINA,760.0
KENTUCKY,SOUTH DAKOTA,95.0
KENTUCKY,TENNESSEE,7234.0
KENTUCKY,TEXAS,2703.0
KENTUCKY,UTAH,2007.0
KENTUCKY,VERMONT,109.0
KENTUCKY,VIRGINIA,5047.0
KENTUCKY,WASHINGTON,2676.0
KENTUCKY,WEST VIRGINIA,536.0
KENTUCKY,WISCONSIN,3241.0
LOUISIANA,ALABAMA,2985.0
LOUISIANA,ALASKA,1195.0
LOUISIANA,ARIZONA,1235.0
LOUISIANA,ARKANSAS,2395.0
LOUISIANA,CALIFORNIA,1938.0
LOUISIANA,COLORADO,1701.0
LOUISIANA,CONNECTICUT,114.0
LOUISIANA,DISTRICT OF COLUMBIA,36.0
LOUISIANA,FLORIDA,5681.0
LOUISIANA,GEORGIA,2938.0
LOUISIANA,HAWAII,224.0
LOUISIANA,IDAHO,141.0
LOUISIANA,ILLINOIS,588.0
LOUISIANA,INDIANA,246.0
LOUISIANA,IOWA,457.0
LOUISIANA,KANSAS,236.0
LOUISIANA,KENTUCKY,132.0
LOUISIANA,MARYLAND,914.0
LOUISIANA,MASSACHUSETTS,349.0
LOUISIANA,MICHIGAN,42.0
LOUISIANA,MINNESOTA,79.0
LOUISIANA,MISSISSIPPI,4729.0
LOUISIANA,MISSOURI,922.0
LOUISIANA,MONTANA,248.0
LOUISIANA,NEBRASKA,452.0
LOUISIANA,NEVADA,786.0
LOUISIANA,NEW JERSEY,90.0
LOUISIANA,NEW MEXICO,454.0
LOUISIANA,NEW YORK,722.0
LOUISIANA,NORTH CAROLINA,1164.0
LOUISIANA,NORTH DAKOTA,111.0
LOUISIANA,OHIO,1480.0
LOUISIANA,OKLAHOMA,1757.0
LOUISIANA,OREGON,34.0
LOUISIANA,PENNSYLVANIA,705.0
LOUISIANA,RHODE ISLAND,14.0
LOUISIANA,SOUTH CAROLINA,1658.0
LOUISIANA,TENNESSEE,1967.0
LOUISIANA,TEXAS,16534.0
LOUISIANA,VERMONT,109.0
LOUISIANA,VIRGINIA,1611.0
LOUISIANA,WASHINGTON,584.0
LOUISIANA,WEST VIRGINIA,104.0
LOUISIANA,WISCONSIN,440.0
MAINE,ALABAMA,150.0
MAINE,ARIZONA,61.0
MAINE,CALIFORNIA,1203.0
MAINE,COLORADO,1565.0
MAINE,CONNECTICUT,4635.0
MAINE,DELAWARE,227.0
MAINE,DISTRICT OF COLUMBIA,156.0
MAINE,FLORIDA,1940.0
MAINE,GEORGIA,126.0
MAINE,HAWAII,324.0
MAINE,KENTUCKY,160.0
MAINE,MARYLAND,315.0
MAINE,MASSACHUSETTS,6026.0
MAINE,MICHIGAN,759.0
MAINE,MISSOURI,38.0
MAINE,MONTANA,330.0
MAINE,NEW HAMPSHIRE,6827.0
MAINE,NEW JERSEY,630.0
MAINE,NEW MEXICO,247.0
MAINE,NEW YORK,825.0
MAINE,NORTH CAROLINA,2908.0
MAINE,OHIO,702.0
MAINE,OREGON,92.0
MAINE,PENNSYLVANIA,1381.0
MAINE,RHODE ISLAND,416.0
MAINE,SOUTH CAROLINA,312.0
MAINE,SOUTH DAKOTA,40.0
MAINE,TENNESSEE,86.0
MAINE,TEXAS,386.0
MAINE,UTAH,281.0
MAINE,VERMONT,487.0
MAINE,VIRGINIA,275.0
MAINE,WASHINGTON,640.0
MAINE,WEST VIRGINIA,22.0
MAINE,WISCONSIN,113.0
MAINE,WYOMING,204.0
MARYLAND,ALABAMA,1497.0
MARYLAND,ARIZONA,2370.0
MARYLAND,ARKANSAS,272.0
MARYLAND,CALIFORNIA,9155.0
MARYLAND,COLORADO,1708.0
MARYLAND,CONNECTICUT,1707.0
MARYLAND,DELAWARE,4742.0
MARYLAND,DISTRICT OF COLUMBIA,17515.0
MARYLAND,FLORIDA,7149.0
MARYLAND,GEORGIA,3426.0
MARYLAND,HAWAII,996.0
MARYLAND,ILLINOIS,2230.0
MARYLAND,INDIANA,272.0
MARYLAND,IOWA,184.0
MARYLAND,KANSAS,33.0
MARYLAND,KENTUCKY,184.0
MARYLAND,LOUISIANA,761.0
MARYLAND,MAINE,230.0
MARYLAND,MASSACHUSETTS,2049.0
MARYLAND,MICHIGAN,1050.0
MARYLAND,MINNESOTA,723.0
MARYLAND,MISSISSIPPI,397.0
MARYLAND,MISSOURI,378.0
MARYLAND,NEVADA,629.0
MARYLAND,NEW HAMPSHIRE,524.0
MARYLAND,NEW JERSEY,7737.0
MARYLAND,NEW MEXICO,842.0
MARYLAND,NEW YORK,5201.0
MARYLAND,NORTH CAROLINA,4062.0
MARYLAND,NORTH DAKOTA,285.0
MARYLAND,OHIO,2597.0
MARYLAND,OKLAHOMA,350.0
MARYLAND,OREGON,383.0
MARYLAND,PENNSYLVANIA,14718.0
MARYLAND,RHODE ISLAND,194.0
MARYLAND,SOUTH CAROLINA,1102.0
MARYLAND,TENNESSEE,471.0
MARYLAND,TEXAS,4261.0
MARYLAND,UTAH,1340.0
MARYLAND,VERMONT,478.0
MARYLAND,VIRGINIA,24531.0
MARYLAND,WASHINGTON,1641.0
MARYLAND,WEST VIRGINIA,5377.0
MARYLAND,WISCONSIN,1872.0
MASSACHUSETTS,ALABAMA,1087.0
MASSACHUSETTS,ALASKA,398.0
MASSACHUSETTS,ARIZONA,1070.0
MASSACHUSETTS,CALIFORNIA,11154.0
MASSACHUSETTS,COLORADO,2057.0
MASSACHUSETTS,CONNECTICUT,10971.0
MASSACHUSETTS,DISTRICT OF COLUMBIA,921.0
MASSACHUSETTS,FLORIDA,11696.0
MASSACHUSETTS,GEORGIA,4474.0
MASSACHUSETTS,HAWAII,681.0
MASSACHUSETTS,ILLINOIS,3926.0
MASSACHUSETTS,INDIANA,1897.0
MASSACHUSETTS,IOWA,370.0
MASSACHUSETTS,KENTUCKY,484.0
MASSACHUSETTS,LOUISIANA,1618.0
MASSACHUSETTS,MAINE,6765.0
MASSACHUSETTS,MARYLAND,3902.0
MASSACHUSETTS,MICHIGAN,1177.0
MASSACHUSETTS,MINNESOTA,1259.0
MASSACHUSETTS,MISSISSIPPI,392.0
MASSACHUSETTS,MISSOURI,572.0
MASSACHUSETTS,MONTANA,417.0
MASSACHUSETTS,NEBRASKA,189.0
MASSACHUSETTS,NEVADA,692.0
MASSACHUSETTS,NEW HAMPSHIRE,10872.0
MASSACHUSETTS,NEW JERSEY,4515.0
MASSACHUSETTS,NEW MEXICO,60.0
MASSACHUSETTS,NEW YORK,16537.0
MASSACHUSETTS,NORTH CAROLINA,4592.0
MASSACHUSETTS,NORTH DAKOTA,204.0
MASSACHUSETTS,OHIO,2445.0
MASSACHUSETTS,OKLAHOMA,90.0
MASSACHUSETTS,OREGON,1049.0
MASSACHUSETTS,PENNSYLVANIA,5441.0
MASSACHUSETTS,RHODE ISLAND,7655.0
MASSACHUSETTS,SOUTH CAROLINA,2625.0
MASSACHUSETTS,SOUTH DAKOTA,54.0
MASSACHUSETTS,TENNESSEE,1045.0
MASSACHUSETTS,TEXAS,4127.0
MASSACHUSETTS,UTAH,828.0
MASSACHUSETTS,VERMONT,2140.0
MASSACHUSETTS,VIRGINIA,3250.0
MASSACHUSETTS,WASHINGTON,1515.0
MASSACHUSETTS,WISCONSIN,384.0
MASSACHUSETTS,WYOMING,189.0
MICHIGAN,ALABAMA,2482.0
MICHIGAN,ALASKA,309.0
MICHIGAN,ARIZONA,2737.0
MICHIGAN,ARKANSAS,778.0
MICHIGAN,CALIFORNIA,7751.0
MICHIGAN,COLORADO,2042.0
MICHIGAN,CONNECTICUT,1611.0
MICHIGAN,DISTRICT OF COLUMBIA,268.0
MICHIGAN,FLORIDA,9844.0
MICHIGAN,GEORGIA,5288.0
MICHIGAN,HAWAII,1097.0
MICHIGAN,IDAHO,77.0
MICHIGAN,ILLINOIS,8854.0
MICHIGAN,INDIANA,9218.0
MICHIGAN,IOWA,309.0
MICHIGAN,KANSAS,374.0
MICHIGAN,KENTUCKY,1058.0
MICHIGAN,LOUISIANA,691.0
MICHIGAN,MAINE,1569.0
MICHIGAN,MARYLAND,608.0
MICHIGAN,MASSACHUSETTS,1992.0
MICHIGAN,MINNESOTA,718.0
MICHIGAN,MISSISSIPPI,2679.0
MICHIGAN,MISSOURI,3105.0
MICHIGAN,MONTANA,63.0
MICHIGAN,NEBRASKA,897.0
MICHIGAN,NEVADA,1815.0
MICHIGAN,NEW HAMPSHIRE,301.0
MICHIGAN,NEW JERSEY,1470.0
MICHIGAN,NEW MEXICO,896.0
MICHIGAN,NEW YORK,3121.0
MICHIGAN,NORTH CAROLINA,2222.0
MICHIGAN,NORTH DAKOTA,1236.0
MICHIGAN,OHIO,12983.0
MICHIGAN,OKLAHOMA,622.0
MICHIGAN,OREGON,1606.0
MICHIGAN,PENNSYLVANIA,6844.0
MICHIGAN,RHODE ISLAND,151.0
MICHIGAN,SOUTH CAROLINA,1539.0
MICHIGAN,SOUTH DAKOTA,563.0
MICHIGAN,TENNESSEE,4112.0
MICHIGAN,TEXAS,6916.0
MICHIGAN,UTAH,554.0
MICHIGAN,VERMONT,44.0
MICHIGAN,VIRGINIA,2177.0
MICHIGAN,WASHINGTON,1344.0
MICHIGAN,WEST VIRGINIA,840.0
MICHIGAN,WISCONSIN,3698.0
MICHIGAN,WYOMING,170.0
MINNESOTA,ALABAMA,519.0
MINNESOTA,ALASKA,581.0
MINNESOTA,ARIZONA,2547.0
MINNESOTA,ARKANSAS,571.0
MINNESOTA,CALIFORNIA,7096.0
MINNESOTA,COLORADO,4854.0
MINNESOTA,CONNECTICUT,47.0
MINNESOTA,DISTRICT OF COLUMBIA,91.0
MINNESOTA,FLORIDA,5106.0
MINNESOTA,GEORGIA,1226.0
MINNESOTA,IDAHO,930.0
MINNESOTA,ILLINOIS,5843.0
MINNESOTA,INDIANA,897.0
MINNESOTA,IOWA,3769.0
MINNESOTA,KANSAS,434.0
MINNESOTA,KENTUCKY,1261.0
MINNESOTA,LOUISIANA,446.0
MINNESOTA,MAINE,95.0
MINNESOTA,MARYLAND,361.0
MINNESOTA,MASSACHUSETTS,2367.0
MINNESOTA,MICHIGAN,2322.0
MINNESOTA,MISSISSIPPI,518.0
MINNESOTA,MISSOURI,1082.0
MINNESOTA,MONTANA,1315.0
MINNESOTA,NEBRASKA,779.0
MINNESOTA,NEVADA,135.0
MINNESOTA,NEW JERSEY,883.0
MINNESOTA,NEW MEXICO,151.0
MINNESOTA,NEW YORK,1083.0
MINNESOTA,NORTH CAROLINA,980.0
MINNESOTA,NORTH DAKOTA,9252.0
MINNESOTA,OHIO,2729.0
MINNESOTA,OKLAHOMA,69.0
MINNESOTA,OREGON,449.0
MINNESOTA,PENNSYLVANIA,1728.0
MINNESOTA,SOUTH DAKOTA,3412.0
MINNESOTA,TENNESSEE,396.0
MINNESOTA,TEXAS,7285.0
MINNESOTA,UTAH,182.0
MINNESOTA,VIRGINIA,1070.0
MINNESOTA,WASHINGTON,10440.0
MINNESOTA,WISCONSIN,18270.0
MISSISSIPPI,ALABAMA,3709.0
MISSISSIPPI,ALASKA,136.0
MISSISSIPPI,ARIZONA,91.0
MISSISSIPPI,ARKANSAS,3711.0
MISSISSIPPI,CALIFORNIA,2538.0
MISSISSIPPI,COLORADO,330.0
MISSISSIPPI,FLORIDA,3468.0
MISSISSIPPI,GEORGIA,1390.0
MISSISSIPPI,HAWAII,121.0
MISSISSIPPI,IDAHO,112.0
MISSISSIPPI,ILLINOIS,1931.0
MISSISSIPPI,INDIANA,104.0
MISSISSIPPI,IOWA,295.0
MISSISSIPPI,KANSAS,66.0
MISSISSIPPI,KENTUCKY,323.0
MISSISSIPPI,LOUISIANA,7320.0
MISSISSIPPI,MARYLAND,355.0
MISSISSIPPI,MASSACHUSETTS,403.0
MISSISSIPPI,MICHIGAN,188.0
MISSISSIPPI,MISSOURI,432.0
MISSISSIPPI,MONTANA,113.0
MISSISSIPPI,NEBRASKA,267.0
MISSISSIPPI,NEVADA,112.0
MISSISSIPPI,NEW HAMPSHIRE,76.0
MISSISSIPPI,NEW JERSEY,268.0
MISSISSIPPI,NEW YORK,1379.0
MISSISSIPPI,NORTH CAROLINA,1410.0
MISSISSIPPI,NORTH DAKOTA,261.0
MISSISSIPPI,OHIO,2479.0
MISSISSIPPI,OKLAHOMA,182.0
MISSISSIPPI,OREGON,339.0
MISSISSIPPI,PENNSYLVANIA,752.0
MISSISSIPPI,SOUTH CAROLINA,1414.0
MISSISSIPPI,TENNESSEE,7791.0
MISSISSIPPI,TEXAS,4387.0
MISSISSIPPI,UTAH,458.0
MISSISSIPPI,VIRGINIA,2167.0
MISSISSIPPI,WASHINGTON,515.0
MISSISSIPPI,WEST VIRGINIA,699.0
MISSISSIPPI,WISCONSIN,1439.0
MISSOURI,ALABAMA,1540.0
MISSOURI,ALASKA,945.0
MISSOURI,ARIZONA,3086.0
MISSOURI,ARKANSAS,6691.0
MISSOURI,CALIFORNIA,7181.0
MISSOURI,COLORADO,2737.0
MISSOURI,CONNECTICUT,1370.0
MISSOURI,DELAWARE,97.0
MISSOURI,DISTRICT OF COLUMBIA,137.0
MISSOURI,FLORIDA,6060.0
MISSOURI,GEORGIA,4778.0
MISSOURI,HAWAII,1223.0
MISSOURI,IDAHO,1339.0
MISSOURI,ILLINOIS,18409.0
MISSOURI,INDIANA,4797.0
MISSOURI,IOWA,3852.0
MISSOURI,KANSAS,22051.0
MISSOURI,KENTUCKY,1924.0
MISSOURI,LOUISIANA,2265.0
MISSOURI,MAINE,749.0
MISSOURI,MARYLAND,1471.0
MISSOURI,MASSACHUSETTS,556.0
MISSOURI,MICHIGAN,1028.0
MISSOURI,MINNESOTA,1063.0
MISSOURI,MISSISSIPPI,2649.0
MISSOURI,MONTANA,796.0
MISSOURI,NEBRASKA,2244.0
MISSOURI,NEVADA,706.0
MISSOURI,NEW HAMPSHIRE,119.0
MISSOURI,NEW JERSEY,1510.0
MISSOURI,NEW MEXICO,503.0
MISSOURI,NEW YORK,1703.0
MISSOURI,NORTH CAROLINA,6250.0
MISSOURI,NORTH DAKOTA,762.0
MISSOURI,OHIO,2121.0
MISSOURI,OKLAHOMA,6427.0
MISSOURI,OREGON,1148.0
MISSOURI,PENNSYLVANIA,1082.0
MISSOURI,SOUTH CAROLINA,1167.0
MISSOURI,SOUTH DAKOTA,741.0
MISSOURI,TENNESSEE,3147.0
MISSOURI,TEXAS,6838.0
MISSOURI,UTAH,2011.0
MISSOURI,VERMONT,1364.0
MISSOURI,VIRGINIA,2779.0
MISSOURI,WASHINGTON,2262.0
MISSOURI,WEST VIRGINIA,1327.0
MISSOURI,WISCONSIN,3687.0
MISSOURI,WYOMING,63.0
MONTANA,ALABAMA,136.0
MONTANA,ALASKA,1699.0
MONTANA,ARIZONA,1339.0
MONTANA,CALIFORNIA,5313.0
MONTANA,COLORADO,4707.0
MONTANA,FLORIDA,2689.0
MONTANA,GEORGIA,20.0
MONTANA,HAWAII,107.0
MONTANA,IDAHO,2128.0
MONTANA,ILLINOIS,693.0
MONTANA,INDIANA,137.0
MONTANA,IOWA,26.0
MONTANA,KANSAS,499.0
MONTANA,KENTUCKY,86.0
MONTANA,LOUISIANA,1000.0
MONTANA,MAINE,100.0
MONTANA,MASSACHUSETTS,703.0
MONTANA,MICHIGAN,215.0
MONTANA,MINNESOTA,654.0
MONTANA,MISSOURI,379.0
MONTANA,NEBRASKA,441.0
MONTANA,NEVADA,2548.0
MONTANA,NEW HAMPSHIRE,90.0
MONTANA,NEW MEXICO,164.0
MONTANA,NEW YORK,356.0
MONTANA,NORTH CAROLINA,325.0
MONTANA,NORTH DAKOTA,1073.0
MONTANA,OHIO,783.0
MONTANA,OKLAHOMA,604.0
MONTANA,OREGON,1726.0
MONTANA,PENNSYLVANIA,200.0
MONTANA,SOUTH DAKOTA,214.0
MONTANA,TEXAS,248.0
MONTANA,UTAH,3407.0
MONTANA,VERMONT,153.0
MONTANA,VIRGINIA,1112.0
MONTANA,WASHINGTON,3724.0
MONTANA,WEST VIRGINIA,277.0
MONTANA,WISCONSIN,6.0
MONTANA,WYOMING,1108.0
NEBRASKA,ALABAMA,1803.0
NEBRASKA,ARIZONA,2903.0
NEBRASKA,ARKANSAS,646.0
NEBRASKA,CALIFORNIA,2300.0
NEBRASKA,COLORADO,3124.0
NEBRASKA,CONNECTICUT,51.0
NEBRASKA,FLORIDA,2055.0
NEBRASKA,GEORGIA,261.0
NEBRASKA,HAWAII,144.0
NEBRASKA,IDAHO,352.0
NEBRASKA,ILLINOIS,792.0
NEBRASKA,INDIANA,578.0
NEBRASKA,IOWA,3777.0
NEBRASKA,KANSAS,6206.0
NEBRASKA,KENTUCKY,374.0
NEBRASKA,LOUISIANA,34.0
NEBRASKA,MARYLAND,1894.0
NEBRASKA,MASSACHUSETTS,192.0
NEBRASKA,MICHIGAN,513.0
NEBRASKA,MINNESOTA,1368.0
NEBRASKA,MISSISSIPPI,362.0
NEBRASKA,MISSOURI,758.0
NEBRASKA,MONTANA,245.0
NEBRASKA,NEVADA,48.0
NEBRASKA,NEW JERSEY,282.0
NEBRASKA,NEW MEXICO,1797.0
NEBRASKA,NEW YORK,15.0
NEBRASKA,NORTH CAROLINA,893.0
NEBRASKA,NORTH DAKOTA,552.0
NEBRASKA,OHIO,82.0
NEBRASKA,OKLAHOMA,1642.0
NEBRASKA,OREGON,38.0
NEBRASKA,SOUTH CAROLINA,188.0
NEBRASKA,SOUTH DAKOTA,2422.0
NEBRASKA,TENNESSEE,472.0
NEBRASKA,TEXAS,3186.0
NEBRASKA,UTAH,255.0
NEBRASKA,VIRGINIA,1492.0
NEBRASKA,WISCONSIN,510.0
NEBRASKA,WYOMING,791.0
NEVADA,ALABAMA,167.0
NEVADA,ALASKA,2756.0
NEVADA,ARIZONA,6880.0
NEVADA,ARKANSAS,392.0
NEVADA,CALIFORNIA,43653.0
NEVADA,COLORADO,2976.0
NEVADA,CONNECTICUT,722.0
NEVADA,DISTRICT OF COLUMBIA,350.0
NEVADA,FLORIDA,5617.0
NEVADA,GEORGIA,1457.0
NEVADA,HAWAII,2085.0
NEVADA,IDAHO,1519.0
NEVADA,ILLINOIS,4652.0
NEVADA,INDIANA,587.0
NEVADA,IOWA,1244.0
NEVADA,KANSAS,637.0
NEVADA,KENTUCKY,73.0
NEVADA,LOUISIANA,1142.0
NEVADA,MARYLAND,1591.0
NEVADA,MASSACHUSETTS,317.0
NEVADA,MICHIGAN,1012.0
NEVADA,MINNESOTA,733.0
NEVADA,MISSISSIPPI,1538.0
NEVADA,MISSOURI,888.0
NEVADA,MONTANA,672.0
NEVADA,NEBRASKA,281.0
NEVADA,NEW HAMPSHIRE,227.0
NEVADA,NEW JERSEY,737.0
NEVADA,NEW MEXICO,5686.0
NEVADA,NEW YORK,2172.0
NEVADA,NORTH CAROLINA,816.0
NEVADA,NORTH DAKOTA,488.0
NEVADA,OHIO,1881.0
NEVADA,OKLAHOMA,902.0
NEVADA,OREGON,3869.0
NEVADA,PENNSYLVANIA,1557.0
NEVADA,SOUTH CAROLINA,935.0
NEVADA,SOUTH DAKOTA,421.0
NEVADA,TENNESSEE,1569.0
NEVADA,TEXAS,4367.0
NEVADA,UTAH,6372.0
NEVADA,VIRGINIA,2103.0
NEVADA,WASHINGTON,4194.0
NEVADA,WEST VIRGINIA,100.0
NEVADA,WISCONSIN,1115.0
NEVADA,WYOMING,63.0
NEW HAMPSHIRE,ALABAMA,325.0
NEW HAMPSHIRE,ALASKA,190.0
NEW HAMPSHIRE,ARIZONA,1306.0
NEW HAMPSHIRE,ARKANSAS,286.0
NEW HAMPSHIRE,CALIFORNIA,879.0
NEW HAMPSHIRE,COLORADO,130.0
NEW HAMPSHIRE,CONNECTICUT,1386.0
NEW HAMPSHIRE,DELAWARE,138.0
NEW HAMPSHIRE,DISTRICT OF COLUMBIA,826.0
NEW HAMPSHIRE,FLORIDA,1681.0
NEW HAMPSHIRE,GEORGIA,97.0
NEW HAMPSHIRE,ILLINOIS,680.0
NEW HAMPSHIRE,INDIANA,890.0
NEW HAMPSHIRE,KENTUCKY,252.0
NEW HAMPSHIRE,LOUISIANA,581.0
NEW HAMPSHIRE,MAINE,3459.0
NEW HAMPSHIRE,MARYLAND,1096.0
NEW HAMPSHIRE,MASSACHUSETTS,16539.0
NEW HAMPSHIRE,MICHIGAN,580.0
NEW HAMPSHIRE,MINNESOTA,156.0
NEW HAMPSHIRE,NEBRASKA,126.0
NEW HAMPSHIRE,NEVADA,93.0
NEW HAMPSHIRE,NEW JERSEY,1187.0
NEW HAMPSHIRE,NEW MEXICO,50.0
NEW HAMPSHIRE,NEW YORK,1862.0
NEW HAMPSHIRE,NORTH CAROLINA,39.0
NEW HAMPSHIRE,OHIO,328.0
NEW HAMPSHIRE,OREGON,339.0
NEW HAMPSHIRE,PENNSYLVANIA,884.0
NEW HAMPSHIRE,RHODE ISLAND,1252.0
NEW HAMPSHIRE,SOUTH CAROLINA,326.0
NEW HAMPSHIRE,SOUTH DAKOTA,298.0
NEW HAMPSHIRE,TENNESSEE,736.0
NEW HAMPSHIRE,TEXAS,726.0
NEW HAMPSHIRE,UTAH,320.0
NEW HAMPSHIRE,VERMONT,2666.0
NEW HAMPSHIRE,VIRGINIA,1310.0
NEW HAMPSHIRE,WASHINGTON,428.0
NEW HAMPSHIRE,WEST VIRGINIA,199.0
NEW HAMPSHIRE,WISCONSIN,564.0
NEW JERSEY,ARIZONA,1039.0
NEW JERSEY,ARKANSAS,370.0
NEW JERSEY,CALIFORNIA,8578.0
NEW JERSEY,COLORADO,3654.0
NEW JERSEY,CONNECTICUT,3633.0
NEW JERSEY,DELAWARE,824.0
NEW JERSEY,DISTRICT OF COLUMBIA,793.0
NEW JERSEY,FLORIDA,11670.0
NEW JERSEY,GEORGIA,827.0
NEW JERSEY,HAWAII,204.0
NEW JERSEY,IDAHO,102.0
NEW JERSEY,ILLINOIS,844.0
NEW JERSEY,INDIANA,806.0
NEW JERSEY,IOWA,92.0
NEW JERSEY,KANSAS,615.0
NEW JERSEY,KENTUCKY,418.0
NEW JERSEY,LOUISIANA,559.0
NEW JERSEY,MAINE,691.0
NEW JERSEY,MARYLAND,3508.0
NEW JERSEY,MASSACHUSETTS,2635.0
NEW JERSEY,MICHIGAN,1603.0
NEW JERSEY,MINNESOTA,66.0
NEW JERSEY,MISSISSIPPI,572.0
NEW JERSEY,MISSOURI,146.0
NEW JERSEY,NEVADA,662.0
NEW JERSEY,NEW HAMPSHIRE,835.0
NEW JERSEY,NEW MEXICO,35.0
NEW JERSEY,NEW YORK,58959.0
NEW JERSEY,NORTH CAROLINA,2127.0
NEW JERSEY,OHIO,626.0
NEW JERSEY,OKLAHOMA,194.0
NEW JERSEY,OREGON,439.0
NEW JERSEY,PENNSYLVANIA,23066.0
NEW JERSEY,RHODE ISLAND,289.0
NEW JERSEY,SOUTH CAROLINA,484.0
NEW JERSEY,TENNESSEE,508.0
NEW JERSEY,TEXAS,4227.0
NEW JERSEY,UTAH,547.0
NEW JERSEY,VERMONT,135.0
NEW JERSEY,VIRGINIA,5660.0
NEW JERSEY,WASHINGTON,1576.0
NEW JERSEY,WEST VIRGINIA,237.0
NEW JERSEY,WISCONSIN,334.0
NEW MEXICO,ALABAMA,107.0
NEW MEXICO,ALASKA,949.0
NEW MEXICO,ARIZONA,4350.0
NEW MEXICO,ARKANSAS,582.0
NEW MEXICO,CALIFORNIA,4647.0
NEW MEXICO,COLORADO,6306.0
NEW MEXICO,CONNECTICUT,113.0
NEW MEXICO,FLORIDA,2111.0
NEW MEXICO,GEORGIA,1338.0
NEW MEXICO,HAWAII,327.0
NEW MEXICO,IDAHO,242.0
NEW MEXICO,ILLINOIS,453.0
NEW MEXICO,INDIANA,418.0
NEW MEXICO,IOWA,6.0
NEW MEXICO,KANSAS,357.0
NEW MEXICO,KENTUCKY,102.0
NEW MEXICO,LOUISIANA,188.0
NEW MEXICO,MAINE,170.0
NEW MEXICO,MARYLAND,253.0
NEW MEXICO,MASSACHUSETTS,47.0
NEW MEXICO,MICHIGAN,113.0
NEW MEXICO,MINNESOTA,446.0
NEW MEXICO,MISSISSIPPI,112.0
NEW MEXICO,MISSOURI,115.0
NEW MEXICO,MONTANA,676.0
NEW MEXICO,NEVADA,2517.0
NEW MEXICO,NEW HAMPSHIRE,166.0
NEW MEXICO,NEW JERSEY,1392.0
NEW MEXICO,NEW YORK,748.0
NEW MEXICO,NORTH CAROLINA,1356.0
NEW MEXICO,OHIO,290.0
NEW MEXICO,OKLAHOMA,522.0
NEW MEXICO,OREGON,1205.0
NEW MEXICO,PENNSYLVANIA,376.0
NEW MEXICO,RHODE ISLAND,89.0
NEW MEXICO,SOUTH CAROLINA,84.0
NEW MEXICO,TENNESSEE,183.0
NEW MEXICO,TEXAS,18703.0
NEW MEXICO,UTAH,443.0
NEW MEXICO,VERMONT,184.0
NEW MEXICO,VIRGINIA,648.0
NEW MEXICO,WASHINGTON,689.0
NEW MEXICO,WISCONSIN,180.0
NEW MEXICO,WYOMING,192.0
NEW YORK,ALABAMA,472.0
NEW YORK,ALASKA,816.0
NEW YORK,ARIZONA,2121.0
NEW YORK,ARKANSAS,1430.0
NEW YORK,CALIFORNIA,22125.0
NEW YORK,COLORADO,5512.0
NEW YORK,CONNECTICUT,14943.0
NEW YORK,DELAWARE,2050.0
NEW YORK,DISTRICT OF COLUMBIA,4255.0
NEW YORK,FLORIDA,21460.0
NEW YORK,GEORGIA,6222.0
NEW YORK,HAWAII,343.0
NEW YORK,IDAHO,60.0
NEW YORK,ILLINOIS,6100.0
NEW YORK,INDIANA,939.0
NEW YORK,IOWA,1255.0
NEW YORK,KANSAS,1092.0
NEW YORK,KENTUCKY,1355.0
NEW YORK,LOUISIANA,1787.0
NEW YORK,MAINE,1479.0
NEW YORK,MARYLAND,6191.0
NEW YORK,MASSACHUSETTS,17047.0
NEW YORK,MICHIGAN,4611.0
NEW YORK,MINNESOTA,2490.0
NEW YORK,MISSISSIPPI,394.0
NEW YORK,MISSOURI,779.0
NEW YORK,NEBRASKA,1032.0
NEW YORK,NEVADA,2944.0
NEW YORK,NEW HAMPSHIRE,2266.0
NEW YORK,NEW JERSEY,31386.0
NEW YORK,NEW MEXICO,718.0
NEW YORK,NORTH CAROLINA,8555.0
NEW YORK,NORTH DAKOTA,169.0
NEW YORK,OHIO,6414.0
NEW YORK,OKLAHOMA,407.0
NEW YORK,OREGON,1864.0
NEW YORK,PENNSYLVANIA,23031.0
NEW YORK,RHODE ISLAND,1858.0
NEW YORK,SOUTH CAROLINA,2308.0
NEW YORK,SOUTH DAKOTA,95.0
NEW YORK,TENNESSEE,5558.0
NEW YORK,TEXAS,13658.0
NEW YORK,UTAH,1061.0
NEW YORK,VERMONT,2000.0
NEW YORK,VIRGINIA,12478.0
NEW YORK,WASHINGTON,3138.0
NEW YORK,WEST VIRGINIA,598.0
NEW YORK,WISCONSIN,1248.0
NEW YORK,WYOMING,99.0
NORTH CAROLINA,ALABAMA,3247.0
NORTH CAROLINA,ALASKA,1424.0
NORTH CAROLINA,ARIZONA,5427.0
NORTH CAROLINA,ARKANSAS,1994.0
NORTH CAROLINA,CALIFORNIA,17464.0
NORTH CAROLINA,COLORADO,6355.0
NORTH CAROLINA,CONNECTICUT,5548.0
NORTH CAROLINA,DELAWARE,1028.0
NORTH CAROLINA,DISTRICT OF COLUMBIA,1413.0
NORTH CAROLINA,FLORIDA,26521.0
NORTH CAROLINA,GEORGIA,18068.0
NORTH CAROLINA,HAWAII,3069.0
NORTH CAROLINA,IDAHO,378.0
NORTH CAROLINA,ILLINOIS,6815.0
NORTH CAROLINA,INDIANA,5800.0
NORTH CAROLINA,IOWA,1234.0
NORTH CAROLINA,KANSAS,863.0
NORTH CAROLINA,KENTUCKY,4744.0
NORTH CAROLINA,LOUISIANA,1074.0
NORTH CAROLINA,MAINE,500.0
NORTH CAROLINA,MARYLAND,9693.0
NORTH CAROLINA,MASSACHUSETTS,6015.0
NORTH CAROLINA,MICHIGAN,5988.0
NORTH CAROLINA,MINNESOTA,2988.0
NORTH CAROLINA,MISSISSIPPI,889.0
NORTH CAROLINA,MISSOURI,2374.0
NORTH CAROLINA,MONTANA,1038.0
NORTH CAROLINA,NEBRASKA,333.0
NORTH CAROLINA,NEVADA,828.0
NORTH CAROLINA,NEW HAMPSHIRE,861.0
NORTH CAROLINA,NEW JERSEY,13684.0
NORTH CAROLINA,NEW MEXICO,1448.0
NORTH CAROLINA,NEW YORK,22439.0
NORTH CAROLINA,NORTH DAKOTA,1138.0
NORTH CAROLINA,OHIO,8522.0
NORTH CAROLINA,OKLAHOMA,1300.0
NORTH CAROLINA,OREGON,1905.0
NORTH CAROLINA,PENNSYLVANIA,12865.0
NORTH CAROLINA,RHODE ISLAND,750.0
NORTH CAROLINA,SOUTH CAROLINA,24905.0
NORTH CAROLINA,TENNESSEE,9100.0
NORTH CAROLINA,TEXAS,14535.0
NORTH CAROLINA,UTAH,1146.0
NORTH CAROLINA,VERMONT,527.0
NORTH CAROLINA,VIRGINIA,26727.0
NORTH CAROLINA,WASHINGTON,1821.0
NORTH CAROLINA,WEST VIRGINIA,3381.0
NORTH CAROLINA,WISCONSIN,1994.0
NORTH DAKOTA,ALASKA,269.0
NORTH DAKOTA,ARIZONA,1254.0
NORTH DAKOTA,ARKANSAS,128.0
NORTH DAKOTA,CALIFORNIA,739.0
NORTH DAKOTA,COLORADO,320.0
NORTH DAKOTA,FLORIDA,826.0
NORTH DAKOTA,GEORGIA,1600.0
NORTH DAKOTA,IDAHO,206.0
NORTH DAKOTA,ILLINOIS,712.0
NORTH DAKOTA,INDIANA,94.0
NORTH DAKOTA,IOWA,642.0
NORTH DAKOTA,KANSAS,20.0
NORTH DAKOTA,LOUISIANA,79.0
NORTH DAKOTA,MAINE,68.0
NORTH DAKOTA,MICHIGAN,923.0
NORTH DAKOTA,MINNESOTA,11303.0
NORTH DAKOTA,MISSOURI,2930.0
NORTH DAKOTA,MONTANA,2220.0
NORTH DAKOTA,NEBRASKA,333.0
NORTH DAKOTA,NEVADA,419.0
NORTH DAKOTA,NEW JERSEY,3237.0
NORTH DAKOTA,NEW MEXICO,935.0
NORTH DAKOTA,NEW YORK,190.0
NORTH DAKOTA,NORTH CAROLINA,26.0
NORTH DAKOTA,OHIO,67.0
NORTH DAKOTA,OREGON,174.0
NORTH DAKOTA,PENNSYLVANIA,51.0
NORTH DAKOTA,SOUTH DAKOTA,1928.0
NORTH DAKOTA,TENNESSEE,374.0
NORTH DAKOTA,TEXAS,1208.0
NORTH DAKOTA,UTAH,371.0
NORTH DAKOTA,VIRGINIA,146.0
NORTH DAKOTA,WASHINGTON,16.0
NORTH DAKOTA,WISCONSIN,102.0
NORTH DAKOTA,WYOMING,973.0
OHIO,ALABAMA,1162.0
OHIO,ALASKA,496.0
OHIO,ARIZONA,3729.0
OHIO,ARKANSAS,814.0
OHIO,CALIFORNIA,11993.0
OHIO,COLORADO,3277.0
OHIO,CONNECTICUT,3110.0
OHIO,DELAWARE,342.0
OHIO,DISTRICT OF COLUMBIA,346.0
OHIO,FLORIDA,19224.0
OHIO,GEORGIA,8433.0
OHIO,HAWAII,810.0
OHIO,IDAHO,544.0
OHIO,ILLINOIS,5907.0
OHIO,INDIANA,13135.0
OHIO,IOWA,745.0
OHIO,KANSAS,1211.0
OHIO,KENTUCKY,18558.0
OHIO,LOUISIANA,330.0
OHIO,MARYLAND,2857.0
OHIO,MASSACHUSETTS,1905.0
OHIO,MICHIGAN,14682.0
OHIO,MINNESOTA,1847.0
OHIO,MISSISSIPPI,2026.0
OHIO,MISSOURI,3905.0
OHIO,MONTANA,326.0
OHIO,NEBRASKA,640.0
OHIO,NEVADA,2060.0
OHIO,NEW HAMPSHIRE,800.0
OHIO,NEW JERSEY,5440.0
OHIO,NEW MEXICO,844.0
OHIO,NEW YORK,8310.0
OHIO,NORTH CAROLINA,5761.0
OHIO,NORTH DAKOTA,1955.0
OHIO,OKLAHOMA,463.0
OHIO,OREGON,2775.0
OHIO,PENNSYLVANIA,18738.0
OHIO,RHODE ISLAND,153.0
OHIO,SOUTH CAROLINA,3983.0
OHIO,SOUTH DAKOTA,1007.0
OHIO,TENNESSEE,3384.0
OHIO,TEXAS,15720.0
OHIO,UTAH,1692.0
OHIO,VERMONT,735.0
OHIO,VIRGINIA,5480.0
OHIO,WASHINGTON,2485.0
OHIO,WEST VIRGINIA,6033.0
OHIO,WISCONSIN,2083.0
OHIO,WYOMING,578.0
OKLAHOMA,ALABAMA,176.0
OKLAHOMA,ALASKA,108.0
OKLAHOMA,ARIZONA,2846.0
OKLAHOMA,ARKANSAS,8416.0
OKLAHOMA,CALIFORNIA,6227.0
OKLAHOMA,COLORADO,8279.0
OKLAHOMA,CONNECTICUT,204.0
OKLAHOMA,FLORIDA,5076.0
OKLAHOMA,GEORGIA,1169.0
OKLAHOMA,HAWAII,1533.0
OKLAHOMA,IDAHO,492.0
OKLAHOMA,ILLINOIS,1345.0
OKLAHOMA,INDIANA,3427.0
OKLAHOMA,IOWA,781.0
OKLAHOMA,KANSAS,2652.0
OKLAHOMA,KENTUCKY,501.0
OKLAHOMA,LOUISIANA,723.0
OKLAHOMA,MAINE,36.0
OKLAHOMA,MARYLAND,873.0
OKLAHOMA,MASSACHUSETTS,306.0
OKLAHOMA,MICHIGAN,669.0
OKLAHOMA,MINNESOTA,126.0
OKLAHOMA,MISSISSIPPI,440.0
OKLAHOMA,MISSOURI,3148.0
OKLAHOMA,MONTANA,229.0
OKLAHOMA,NEBRASKA,1697.0
OKLAHOMA,NEVADA,1494.0
OKLAHOMA,NEW JERSEY,643.0
OKLAHOMA,NEW MEXICO,3202.0
OKLAHOMA,NEW YORK,726.0
OKLAHOMA,NORTH CAROLINA,2210.0
OKLAHOMA,NORTH DAKOTA,108.0
OKLAHOMA,OHIO,422.0
OKLAHOMA,OREGON,462.0
OKLAHOMA,PENNSYLVANIA,669.0
OKLAHOMA,RHODE ISLAND,174.0
OKLAHOMA,SOUTH CAROLINA,144.0
OKLAHOMA,TENNESSEE,1203.0
OKLAHOMA,TEXAS,28345.0
OKLAHOMA,UTAH,105.0
OKLAHOMA,VERMONT,661.0
OKLAHOMA,VIRGINIA,1994.0
OKLAHOMA,WASHINGTON,2108.0
OKLAHOMA,WEST VIRGINIA,94.0
OKLAHOMA,WISCONSIN,29.0
OKLAHOMA,WYOMING,316.0
OREGON,ALABAMA,197.0
OREGON,ALASKA,2330.0
OREGON,ARIZONA,5638.0
OREGON,ARKANSAS,298.0
OREGON,CALIFORNIA,38520.0
OREGON,COLORADO,6463.0
OREGON,CONNECTICUT,508.0
OREGON,DISTRICT OF COLUMBIA,128.0
OREGON,FLORIDA,4363.0
OREGON,GEORGIA,645.0
OREGON,HAWAII,2756.0
OREGON,IDAHO,5493.0
OREGON,ILLINOIS,1528.0
OREGON,INDIANA,595.0
OREGON,IOWA,949.0
OREGON,KANSAS,1135.0
OREGON,KENTUCKY,60.0
OREGON,LOUISIANA,456.0
OREGON,MAINE,373.0
OREGON,MARYLAND,174.0
OREGON,MASSACHUSETTS,1039.0
OREGON,MICHIGAN,1298.0
OREGON,MINNESOTA,1599.0
OREGON,MISSISSIPPI,14.0
OREGON,MISSOURI,705.0
OREGON,MONTANA,3214.0
OREGON,NEBRASKA,338.0
OREGON,NEVADA,2915.0
OREGON,NEW JERSEY,226.0
OREGON,NEW MEXICO,1332.0
OREGON,NEW YORK,2934.0
OREGON,NORTH CAROLINA,1807.0
OREGON,NORTH DAKOTA,363.0
OREGON,OHIO,1035.0
OREGON,OKLAHOMA,2060.0
OREGON,PENNSYLVANIA,1688.0
OREGON,SOUTH CAROLINA,560.0
OREGON,SOUTH DAKOTA,4.0
OREGON,TENNESSEE,1227.0
OREGON,TEXAS,4630.0
OREGON,UTAH,2869.0
OREGON,VERMONT,220.0
OREGON,VIRGINIA,1503.0
OREGON,WASHINGTON,20279.0
OREGON,WISCONSIN,732.0
OREGON,WYOMING,838.0
PENNSYLVANIA,ALABAMA,1600.0
PENNSYLVANIA,ALASKA,2071.0
PENNSYLVANIA,ARIZONA,3677.0
PENNSYLVANIA,ARKANSAS,316.0
PENNSYLVANIA,CALIFORNIA,12644.0
PENNSYLVANIA,COLORADO,1956.0
PENNSYLVANIA,CONNECTICUT,4769.0
PENNSYLVANIA,DELAWARE,5028.0
PENNSYLVANIA,DISTRICT OF COLUMBIA,2115.0
PENNSYLVANIA,FLORIDA,18019.0
PENNSYLVANIA,GEORGIA,9749.0
PENNSYLVANIA,HAWAII,1914.0
PENNSYLVANIA,ILLINOIS,4173.0
PENNSYLVANIA,INDIANA,1689.0
PENNSYLVANIA,IOWA,421.0
PENNSYLVANIA,KANSAS,1007.0
PENNSYLVANIA,KENTUCKY,1174.0
PENNSYLVANIA,LOUISIANA,1227.0
PENNSYLVANIA,MAINE,1743.0
PENNSYLVANIA,MARYLAND,22017.0
PENNSYLVANIA,MASSACHUSETTS,3655.0
PENNSYLVANIA,MICHIGAN,2591.0
PENNSYLVANIA,MINNESOTA,2909.0
PENNSYLVANIA,MISSISSIPPI,15.0
PENNSYLVANIA,MISSOURI,874.0
PENNSYLVANIA,MONTANA,27.0
PENNSYLVANIA,NEBRASKA,3824.0
PENNSYLVANIA,NEVADA,476.0
PENNSYLVANIA,NEW HAMPSHIRE,677.0
PENNSYLVANIA,NEW JERSEY,42896.0
PENNSYLVANIA,NEW MEXICO,222.0
PENNSYLVANIA,NEW YORK,50917.0
PENNSYLVANIA,NORTH CAROLINA,4718.0
PENNSYLVANIA,NORTH DAKOTA,935.0
PENNSYLVANIA,OHIO,13854.0
PENNSYLVANIA,OKLAHOMA,2733.0
PENNSYLVANIA,OREGON,880.0
PENNSYLVANIA,RHODE ISLAND,1560.0
PENNSYLVANIA,SOUTH CAROLINA,5473.0
PENNSYLVANIA,SOUTH DAKOTA,248.0
PENNSYLVANIA,TENNESSEE,2026.0
PENNSYLVANIA,TEXAS,10583.0
PENNSYLVANIA,UTAH,892.0
PENNSYLVANIA,VERMONT,2108.0
PENNSYLVANIA,VIRGINIA,13474.0
PENNSYLVANIA,WASHINGTON,1943.0
PENNSYLVANIA,WEST VIRGINIA,3503.0
PENNSYLVANIA,WISCONSIN,940.0
RHODE ISLAND,ARIZONA,609.0
RHODE ISLAND,CALIFORNIA,2240.0
RHODE ISLAND,COLORADO,306.0
RHODE ISLAND,CONNECTICUT,2301.0
RHODE ISLAND,FLORIDA,3430.0
RHODE ISLAND,GEORGIA,96.0
RHODE ISLAND,ILLINOIS,564.0
RHODE ISLAND,INDIANA,167.0
RHODE ISLAND,IOWA,169.0
RHODE ISLAND,KENTUCKY,315.0
RHODE ISLAND,LOUISIANA,68.0
RHODE ISLAND,MAINE,452.0
RHODE ISLAND,MARYLAND,409.0
RHODE ISLAND,MASSACHUSETTS,11892.0
RHODE ISLAND,MICHIGAN,97.0
RHODE ISLAND,MISSOURI,131.0
RHODE ISLAND,NEW HAMPSHIRE,339.0
RHODE ISLAND,NEW JERSEY,1450.0
RHODE ISLAND,NEW MEXICO,55.0
RHODE ISLAND,NEW YORK,1754.0
RHODE ISLAND,NORTH CAROLINA,760.0
RHODE ISLAND,OHIO,145.0
RHODE ISLAND,OREGON,447.0
RHODE ISLAND,PENNSYLVANIA,1824.0
RHODE ISLAND,SOUTH CAROLINA,751.0
RHODE ISLAND,TENNESSEE,250.0
RHODE ISLAND,TEXAS,1959.0
RHODE ISLAND,UTAH,312.0
RHODE ISLAND,VERMONT,198.0
RHODE ISLAND,VIRGINIA,965.0
RHODE ISLAND,WASHINGTON,87.0
RHODE ISLAND,WEST VIRGINIA,90.0
RHODE ISLAND,WISCONSIN,91.0
SOUTH CAROLINA,ALABAMA,748.0
SOUTH CAROLINA,ALASKA,186.0
SOUTH CAROLINA,ARIZONA,2124.0
SOUTH CAROLINA,ARKANSAS,459.0
SOUTH CAROLINA,CALIFORNIA,6791.0
SOUTH CAROLINA,COLORADO,1572.0
SOUTH CAROLINA,CONNECTICUT,2726.0
SOUTH CAROLINA,DELAWARE,433.0
SOUTH CAROLINA,DISTRICT OF COLUMBIA,438.0
SOUTH CAROLINA,FLORIDA,13621.0
SOUTH CAROLINA,GEORGIA,16237.0
SOUTH CAROLINA,HAWAII,1488.0
SOUTH CAROLINA,IDAHO,505.0
SOUTH CAROLINA,ILLINOIS,4797.0
SOUTH CAROLINA,INDIANA,1727.0
SOUTH CAROLINA,IOWA,996.0
SOUTH CAROLINA,KANSAS,838.0
SOUTH CAROLINA,KENTUCKY,3241.0
SOUTH CAROLINA,LOUISIANA,1114.0
SOUTH CAROLINA,MAINE,582.0
SOUTH CAROLINA,MARYLAND,5154.0
SOUTH CAROLINA,MASSACHUSETTS,2929.0
SOUTH CAROLINA,MICHIGAN,2085.0
SOUTH CAROLINA,MINNESOTA,679.0
SOUTH CAROLINA,MISSISSIPPI,741.0
SOUTH CAROLINA,MISSOURI,711.0
SOUTH CAROLINA,NEBRASKA,280.0
SOUTH CAROLINA,NEVADA,970.0
SOUTH CAROLINA,NEW HAMPSHIRE,74.0
SOUTH CAROLINA,NEW JERSEY,6482.0
SOUTH CAROLINA,NEW MEXICO,1491.0
SOUTH CAROLINA,NEW YORK,9278.0
SOUTH CAROLINA,NORTH CAROLINA,30407.0
SOUTH CAROLINA,NORTH DAKOTA,1091.0
SOUTH CAROLINA,OHIO,4222.0
SOUTH CAROLINA,OKLAHOMA,1003.0
SOUTH CAROLINA,OREGON,423.0
SOUTH CAROLINA,PENNSYLVANIA,6992.0
SOUTH CAROLINA,RHODE ISLAND,1237.0
SOUTH CAROLINA,SOUTH DAKOTA,594.0
SOUTH CAROLINA,TENNESSEE,3792.0
SOUTH CAROLINA,TEXAS,8057.0
SOUTH CAROLINA,UTAH,340.0
SOUTH CAROLINA,VERMONT,328.0
SOUTH CAROLINA,VIRGINIA,10912.0
SOUTH CAROLINA,WASHINGTON,2229.0
SOUTH CAROLINA,WEST VIRGINIA,1340.0
SOUTH CAROLINA,WISCONSIN,1129.0
SOUTH DAKOTA,ALABAMA,740.0
SOUTH DAKOTA,ARIZONA,606.0
SOUTH DAKOTA,ARKANSAS,212.0
SOUTH DAKOTA,CALIFORNIA,480.0
SOUTH DAKOTA,COLORADO,269.0
SOUTH DAKOTA,FLORIDA,861.0
SOUTH DAKOTA,GEORGIA,56.0
SOUTH DAKOTA,HAWAII,62.0
SOUTH DAKOTA,IDAHO,238.0
SOUTH DAKOTA,ILLINOIS,982.0
SOUTH DAKOTA,INDIANA,1254.0
SOUTH DAKOTA,IOWA,4603.0
SOUTH DAKOTA,KANSAS,239.0
SOUTH DAKOTA,MARYLAND,34.0
SOUTH DAKOTA,MINNESOTA,5473.0
SOUTH DAKOTA,MISSOURI,624.0
SOUTH DAKOTA,MONTANA,741.0
SOUTH DAKOTA,NEBRASKA,1139.0
SOUTH DAKOTA,NEVADA,24.0
SOUTH DAKOTA,NEW HAMPSHIRE,312.0
SOUTH DAKOTA,NEW JERSEY,612.0
SOUTH DAKOTA,NEW MEXICO,69.0
SOUTH DAKOTA,NORTH CAROLINA,18.0
SOUTH DAKOTA,NORTH DAKOTA,1506.0
SOUTH DAKOTA,OKLAHOMA,134.0
SOUTH DAKOTA,OREGON,1568.0
SOUTH DAKOTA,PENNSYLVANIA,56.0
SOUTH DAKOTA,TENNESSEE,917.0
SOUTH DAKOTA,TEXAS,995.0
SOUTH DAKOTA,UTAH,469.0
SOUTH DAKOTA,WASHINGTON,81.0
SOUTH DAKOTA,WISCONSIN,568.0
SOUTH DAKOTA,WYOMING,864.0
TENNESSEE,ALABAMA,7381.0
TENNESSEE,ALASKA,1756.0
TENNESSEE,ARIZONA,1717.0
TENNESSEE,ARKANSAS,4896.0
TENNESSEE,CALIFORNIA,11949.0
TENNESSEE,COLORADO,3900.0
TENNESSEE,CONNECTICUT,760.0
TENNESSEE,DELAWARE,437.0
TENNESSEE,DISTRICT OF COLUMBIA,179.0
TENNESSEE,FLORIDA,19716.0
TENNESSEE,GEORGIA,11279.0
TENNESSEE,HAWAII,291.0
TENNESSEE,IDAHO,388.0
TENNESSEE,ILLINOIS,8219.0
TENNESSEE,INDIANA,4634.0
TENNESSEE,IOWA,1097.0
TENNESSEE,KANSAS,1653.0
TENNESSEE,KENTUCKY,9983.0
TENNESSEE,LOUISIANA,1522.0
TENNESSEE,MAINE,315.0
TENNESSEE,MARYLAND,1606.0
TENNESSEE,MASSACHUSETTS,1217.0
TENNESSEE,MICHIGAN,5690.0
TENNESSEE,MINNESOTA,1483.0
TENNESSEE,MISSISSIPPI,12535.0
TENNESSEE,MISSOURI,1829.0
TENNESSEE,MONTANA,635.0
TENNESSEE,NEBRASKA,365.0
TENNESSEE,NEVADA,1871.0
TENNESSEE,NEW HAMPSHIRE,339.0
TENNESSEE,NEW JERSEY,2848.0
TENNESSEE,NEW MEXICO,1163.0
TENNESSEE,NEW YORK,6511.0
TENNESSEE,NORTH CAROLINA,15084.0
TENNESSEE,OHIO,5209.0
TENNESSEE,OKLAHOMA,1128.0
TENNESSEE,OREGON,1585.0
TENNESSEE,PENNSYLVANIA,1662.0
TENNESSEE,RHODE ISLAND,511.0
TENNESSEE,SOUTH CAROLINA,4710.0
TENNESSEE,SOUTH DAKOTA,631.0
TENNESSEE,TEXAS,14131.0
TENNESSEE,UTAH,1540.0
TENNESSEE,VERMONT,421.0
TENNESSEE,VIRGINIA,7581.0
TENNESSEE,WASHINGTON,4679.0
TENNESSEE,WEST VIRGINIA,1478.0
TENNESSEE,WISCONSIN,1615.0
TENNESSEE,WYOMING,32.0
TEXAS,ALABAMA,8327.0
TEXAS,ALASKA,4108.0
TEXAS,ARIZONA,20532.0
TEXAS,ARKANSAS,11617.0
TEXAS,CALIFORNIA,76209.0
TEXAS,COLORADO,16520.0
TEXAS,CONNECTICUT,1742.0
TEXAS,DELAWARE,971.0
TEXAS,DISTRICT OF COLUMBIA,426.0
TEXAS,FLORIDA,39753.0
TEXAS,GEORGIA,21056.0
TEXAS,HAWAII,4970.0
TEXAS,IDAHO,1945.0
TEXAS,ILLINOIS,23770.0
TEXAS,INDIANA,7034.0
TEXAS,IOWA,3128.0
TEXAS,KANSAS,12049.0
TEXAS,KENTUCKY,6611.0
TEXAS,LOUISIANA,22241.0
TEXAS,MAINE,1156.0
TEXAS,MARYLAND,8508.0
TEXAS,MASSACHUSETTS,8291.0
TEXAS,MICHIGAN,10762.0
TEXAS,MINNESOTA,5747.0
TEXAS,MISSISSIPPI,4472.0
TEXAS,MISSOURI,7638.0
TEXAS,MONTANA,2072.0
TEXAS,NEBRASKA,3830.0
TEXAS,NEVADA,7781.0
TEXAS,NEW HAMPSHIRE,1968.0
TEXAS,NEW JERSEY,10472.0
TEXAS,NEW MEXICO,19880.0
TEXAS,NEW YORK,14541.0
TEXAS,NORTH CAROLINA,15543.0
TEXAS,NORTH DAKOTA,929.0
TEXAS,OHIO,8088.0
TEXAS,OKLAHOMA,22568.0
TEXAS,OREGON,4071.0
TEXAS,PENNSYLVANIA,9297.0
TEXAS,RHODE ISLAND,613.0
TEXAS,SOUTH CAROLINA,8464.0
TEXAS,SOUTH DAKOTA,2010.0
TEXAS,TENNESSEE,9456.0
TEXAS,UTAH,8144.0
TEXAS,VERMONT,463.0
TEXAS,VIRGINIA,17604.0
TEXAS,WASHINGTON,13355.0
TEXAS,WEST VIRGINIA,998.0
TEXAS,WISCONSIN,4350.0
TEXAS,WYOMING,1275.0
UTAH,ALABAMA,1520.0
UTAH,ALASKA,623.0
UTAH,ARIZONA,7932.0
UTAH,ARKANSAS,499.0
UTAH,CALIFORNIA,15824.0
UTAH,COLORADO,7925.0
UTAH,CONNECTICUT,462.0
UTAH,DISTRICT OF COLUMBIA,101.0
UTAH,FLORIDA,2933.0
UTAH,GEORGIA,431.0
UTAH,HAWAII,412.0
UTAH,IDAHO,6185.0
UTAH,ILLINOIS,5027.0
UTAH,INDIANA,3429.0
UTAH,IOWA,849.0
UTAH,KANSAS,283.0
UTAH,KENTUCKY,286.0
UTAH,LOUISIANA,1256.0
UTAH,MARYLAND,206.0
UTAH,MASSACHUSETTS,448.0
UTAH,MICHIGAN,598.0
UTAH,MINNESOTA,1170.0
UTAH,MISSISSIPPI,216.0
UTAH,MISSOURI,188.0
UTAH,MONTANA,1968.0
UTAH,NEBRASKA,346.0
UTAH,NEVADA,3786.0
UTAH,NEW HAMPSHIRE,403.0
UTAH,NEW JERSEY,375.0
UTAH,NEW MEXICO,325.0
UTAH,NEW YORK,2429.0
UTAH,NORTH CAROLINA,912.0
UTAH,NORTH DAKOTA,245.0
UTAH,OHIO,2067.0
UTAH,OKLAHOMA,581.0
UTAH,OREGON,2754.0
UTAH,PENNSYLVANIA,212.0
UTAH,RHODE ISLAND,474.0
UTAH,SOUTH CAROLINA,1839.0
UTAH,SOUTH DAKOTA,24.0
UTAH,TENNESSEE,1600.0
UTAH,TEXAS,4364.0
UTAH,VERMONT,200.0
UTAH,VIRGINIA,705.0
UTAH,WASHINGTON,5137.0
UTAH,WEST VIRGINIA,396.0
UTAH,WISCONSIN,715.0
UTAH,WYOMING,2071.0
VERMONT,ARIZONA,66.0
VERMONT,CALIFORNIA,956.0
VERMONT,COLORADO,1644.0
VERMONT,CONNECTICUT,563.0
VERMONT,DISTRICT OF COLUMBIA,246.0
VERMONT,FLORIDA,938.0
VERMONT,GEORGIA,198.0
VERMONT,HAWAII,4.0
VERMONT,ILLINOIS,872.0
VERMONT,KENTUCKY,27.0
VERMONT,MAINE,457.0
VERMONT,MARYLAND,502.0
VERMONT,MASSACHUSETTS,2866.0
VERMONT,MICHIGAN,68.0
VERMONT,MINNESOTA,120.0
VERMONT,MISSOURI,318.0
VERMONT,NEBRASKA,31.0
VERMONT,NEW HAMPSHIRE,1624.0
VERMONT,NEW JERSEY,780.0
VERMONT,NEW MEXICO,331.0
VERMONT,NEW YORK,2316.0
VERMONT,NORTH CAROLINA,243.0
VERMONT,OHIO,246.0
VERMONT,OREGON,58.0
VERMONT,PENNSYLVANIA,1438.0
VERMONT,SOUTH CAROLINA,184.0
VERMONT,TENNESSEE,158.0
VERMONT,TEXAS,746.0
VERMONT,VIRGINIA,336.0
VERMONT,WASHINGTON,32.0
VERMONT,WYOMING,71.0
VIRGINIA,ALABAMA,6048.0
VIRGINIA,ALASKA,1434.0
VIRGINIA,ARIZONA,1991.0
VIRGINIA,ARKANSAS,770.0
VIRGINIA,CALIFORNIA,16504.0
VIRGINIA,COLORADO,3764.0
VIRGINIA,CONNECTICUT,2608.0
VIRGINIA,DELAWARE,1099.0
VIRGINIA,DISTRICT OF COLUMBIA,8631.0
VIRGINIA,FLORIDA,21253.0
VIRGINIA,GEORGIA,9288.0
VIRGINIA,HAWAII,1078.0
VIRGINIA,IDAHO,477.0
VIRGINIA,ILLINOIS,6635.0
VIRGINIA,INDIANA,3391.0
VIRGINIA,IOWA,1437.0
VIRGINIA,KANSAS,888.0
VIRGINIA,KENTUCKY,2323.0
VIRGINIA,LOUISIANA,3310.0
VIRGINIA,MAINE,769.0
VIRGINIA,MARYLAND,26095.0
VIRGINIA,MASSACHUSETTS,5067.0
VIRGINIA,MICHIGAN,6674.0
VIRGINIA,MINNESOTA,643.0
VIRGINIA,MISSISSIPPI,1273.0
VIRGINIA,MISSOURI,3602.0
VIRGINIA,MONTANA,1572.0
VIRGINIA,NEBRASKA,504.0
VIRGINIA,NEVADA,2281.0
VIRGINIA,NEW HAMPSHIRE,303.0
VIRGINIA,NEW JERSEY,9975.0
VIRGINIA,NEW MEXICO,1140.0
VIRGINIA,NEW YORK,11713.0
VIRGINIA,NORTH CAROLINA,27390.0
VIRGINIA,NORTH DAKOTA,263.0
VIRGINIA,OHIO,4838.0
VIRGINIA,OKLAHOMA,1426.0
VIRGINIA,OREGON,1003.0
VIRGINIA,PENNSYLVANIA,11656.0
VIRGINIA,RHODE ISLAND,1030.0
VIRGINIA,SOUTH CAROLINA,8032.0
VIRGINIA,SOUTH DAKOTA,138.0
VIRGINIA,TENNESSEE,4869.0
VIRGINIA,TEXAS,14253.0
VIRGINIA,UTAH,947.0
VIRGINIA,VERMONT,255.0
VIRGINIA,WASHINGTON,8008.0
VIRGINIA,WEST VIRGINIA,5120.0
VIRGINIA,WISCONSIN,1493.0
WASHINGTON,ALABAMA,1324.0
WASHINGTON,ALASKA,3421.0
WASHINGTON,ARIZONA,6975.0
WASHINGTON,ARKANSAS,92.0
WASHINGTON,CALIFORNIA,47554.0
WASHINGTON,COLORADO,6489.0
WASHINGTON,CONNECTICUT,3234.0
WASHINGTON,DISTRICT OF COLUMBIA,1970.0
WASHINGTON,FLORIDA,7120.0
WASHINGTON,GEORGIA,2672.0
WASHINGTON,HAWAII,6631.0
WASHINGTON,IDAHO,12890.0
WASHINGTON,ILLINOIS,4021.0
WASHINGTON,INDIANA,2074.0
WASHINGTON,IOWA,947.0
WASHINGTON,KANSAS,1460.0
WASHINGTON,KENTUCKY,635.0
WASHINGTON,LOUISIANA,700.0
WASHINGTON,MAINE,284.0
WASHINGTON,MARYLAND,2065.0
WASHINGTON,MASSACHUSETTS,3106.0
WASHINGTON,MICHIGAN,3317.0
WASHINGTON,MINNESOTA,2352.0
WASHINGTON,MISSISSIPPI,193.0
WASHINGTON,MISSOURI,2479.0
WASHINGTON,MONTANA,5967.0
WASHINGTON,NEBRASKA,1803.0
WASHINGTON,NEVADA,2414.0
WASHINGTON,NEW HAMPSHIRE,623.0
WASHINGTON,NEW JERSEY,720.0
WASHINGTON,NEW MEXICO,1349.0
WASHINGTON,NEW YORK,6834.0
WASHINGTON,NORTH CAROLINA,1273.0
WASHINGTON,NORTH DAKOTA,790.0
WASHINGTON,OHIO,2139.0
WASHINGTON,OKLAHOMA,1727.0
WASHINGTON,OREGON,28935.0
WASHINGTON,PENNSYLVANIA,4528.0
WASHINGTON,RHODE ISLAND,314.0
WASHINGTON,SOUTH CAROLINA,2141.0
WASHINGTON,TENNESSEE,4204.0
WASHINGTON,TEXAS,17648.0
WASHINGTON,UTAH,4456.0
WASHINGTON,VERMONT,507.0
WASHINGTON,VIRGINIA,6509.0
WASHINGTON,WEST VIRGINIA,390.0
WASHINGTON,WISCONSIN,1496.0
WASHINGTON,WYOMING,787.0
WEST VIRGINIA,ALABAMA,114.0
WEST VIRGINIA,ALASKA,117.0
WEST VIRGINIA,ARIZONA,430.0
WEST VIRGINIA,ARKANSAS,52.0
WEST VIRGINIA,CALIFORNIA,1097.0
WEST VIRGINIA,COLORADO,87.0
WEST VIRGINIA,DELAWARE,179.0
WEST VIRGINIA,DISTRICT OF COLUMBIA,231.0
WEST VIRGINIA,FLORIDA,2353.0
WEST VIRGINIA,GEORGIA,226.0
WEST VIRGINIA,HAWAII,234.0
WEST VIRGINIA,ILLINOIS,61.0
WEST VIRGINIA,INDIANA,214.0
WEST VIRGINIA,IOWA,97.0
WEST VIRGINIA,KENTUCKY,1575.0
WEST VIRGINIA,MARYLAND,3369.0
WEST VIRGINIA,MASSACHUSETTS,405.0
WEST VIRGINIA,MICHIGAN,191.0
WEST VIRGINIA,MINNESOTA,471.0
WEST VIRGINIA,MISSOURI,540.0
WEST VIRGINIA,NEBRASKA,92.0
WEST VIRGINIA,NEVADA,43.0
WEST VIRGINIA,NEW HAMPSHIRE,65.0
WEST VIRGINIA,NEW JERSEY,218.0
WEST VIRGINIA,NEW YORK,450.0
WEST VIRGINIA,NORTH CAROLINA,2736.0
WEST VIRGINIA,OHIO,5926.0
WEST VIRGINIA,OKLAHOMA,187.0
WEST VIRGINIA,OREGON,86.0
WEST VIRGINIA,PENNSYLVANIA,5969.0
WEST VIRGINIA,RHODE ISLAND,214.0
WEST VIRGINIA,SOUTH CAROLINA,3296.0
WEST VIRGINIA,TENNESSEE,398.0
WEST VIRGINIA,TEXAS,1036.0
WEST VIRGINIA,VERMONT,28.0
WEST VIRGINIA,VIRGINIA,8373.0
WEST VIRGINIA,WASHINGTON,95.0
WISCONSIN,ALABAMA,227.0
WISCONSIN,ALASKA,2508.0
WISCONSIN,ARIZONA,2337.0
WISCONSIN,ARKANSAS,793.0
WISCONSIN,CALIFORNIA,5456.0
WISCONSIN,COLORADO,2074.0
WISCONSIN,CONNECTICUT,1486.0
WISCONSIN,DISTRICT OF COLUMBIA,103.0
WISCONSIN,FLORIDA,4765.0
WISCONSIN,GEORGIA,2853.0
WISCONSIN,HAWAII,323.0
WISCONSIN,ILLINOIS,25068.0
WISCONSIN,INDIANA,1720.0
WISCONSIN,IOWA,5063.0
WISCONSIN,KANSAS,846.0
WISCONSIN,KENTUCKY,1417.0
WISCONSIN,LOUISIANA,26.0
WISCONSIN,MAINE,70.0
WISCONSIN,MARYLAND,42.0
WISCONSIN,MASSACHUSETTS,110.0
WISCONSIN,MICHIGAN,3370.0
WISCONSIN,MINNESOTA,17069.0
WISCONSIN,MISSISSIPPI,75.0
WISCONSIN,MISSOURI,4096.0
WISCONSIN,MONTANA,78.0
WISCONSIN,NEBRASKA,457.0
WISCONSIN,NEVADA,775.0
WISCONSIN,NEW HAMPSHIRE,423.0
WISCONSIN,NEW JERSEY,389.0
WISCONSIN,NEW MEXICO,38.0
WISCONSIN,NEW YORK,2054.0
WISCONSIN,NORTH CAROLINA,1842.0
WISCONSIN,NORTH DAKOTA,1170.0
WISCONSIN,OHIO,317.0
WISCONSIN,OKLAHOMA,489.0
WISCONSIN,OREGON,546.0
WISCONSIN,PENNSYLVANIA,836.0
WISCONSIN,RHODE ISLAND,324.0
WISCONSIN,SOUTH CAROLINA,1953.0
WISCONSIN,SOUTH DAKOTA,309.0
WISCONSIN,TENNESSEE,1655.0
WISCONSIN,TEXAS,5540.0
WISCONSIN,UTAH,649.0
WISCONSIN,VIRGINIA,2572.0
WISCONSIN,WASHINGTON,1979.0
WISCONSIN,WEST VIRGINIA,602.0
WISCONSIN,WYOMING,136.0
WYOMING,ARIZONA,585.0
WYOMING,ARKANSAS,17.0
WYOMING,CALIFORNIA,3481.0
WYOMING,COLORADO,3507.0
WYOMING,FLORIDA,1333.0
WYOMING,GEORGIA,247.0
WYOMING,HAWAII,44.0
WYOMING,IDAHO,1290.0
WYOMING,ILLINOIS,211.0
WYOMING,INDIANA,592.0
WYOMING,KANSAS,620.0
WYOMING,KENTUCKY,232.0
WYOMING,LOUISIANA,114.0
WYOMING,MAINE,142.0
WYOMING,MASSACHUSETTS,123.0
WYOMING,MINNESOTA,933.0
WYOMING,MISSOURI,383.0
WYOMING,MONTANA,1588.0
WYOMING,NEBRASKA,614.0
WYOMING,NEVADA,1683.0
WYOMING,NEW HAMPSHIRE,625.0
WYOMING,NEW JERSEY,271.0
WYOMING,NEW MEXICO,349.0
WYOMING,NEW YORK,277.0
WYOMING,NORTH DAKOTA,434.0
WYOMING,OHIO,205.0
WYOMING,OKLAHOMA,396.0
WYOMING,OREGON,277.0
WYOMING,SOUTH CAROLINA,175.0
WYOMING,SOUTH DAKOTA,717.0
WYOMING,TENNESSEE,171.0
WYOMING,TEXAS,1233.0
WYOMING,UTAH,957.0
WYOMING,VIRGINIA,209.0
WYOMING,WASHINGTON,1129.0
WYOMING,WEST VIRGINIA,407.0
WYOMING,WISCONSIN,25.0
